,Name,Address,City,State,Zip,rating
0,CROWN CAFE AT STATUE OF LIBERTY,LIBERTY ISLAND,NEW YORK,NY,10004,4
1,BOLOCO,1080 BOYLSTON ST.,BOSTON,MA,2115,2
5,VESELKA,144 2ND AVE.,NEW YORK,NY,10003,2
6,GRENDELS DEN,89 WINTHROP ST.,CAMBRIDGE,MA,2138,2
8,BOXCAR CANTINA,44 OLD FIELD POINT RD.,GREENWICH,CT,6830,2
9,INTERNATIONAL VILLAGE DINING AT NORTHEASTERN UNIVERSITY,1155 TREMONT ST.,BOSTON,MA,2120,3
10,SIGNAL MOUNTAIN LODGE,1 INNER PARK RD.,MORAN,WY,83013,3
11,WINSOR SCHOOL,PILGRIM RD.,BOSTON,MA,2215,2
12,THE DALTON SCHOOL,108 E 89TH ST.,NEW YORK,NY,10128,3
13,AROMA THYME BISTRO,165 CANAL ST.,ELLENVILLE,NY,12428,3
14,HORACE MANN SCHOOL,231 WEST 246TH ST.,RIVERDALE,NY,10471,2
15,OCCASIONS CATERERS,655 TAYLOR ST NE,WASHINGTON,DC,20017,3
16,FOUNDING FARMERS,1924 PENNSYLVANIA AVE. NW,WASHINGTON,DC,20006,3
17,CAFE MANNA,3815 N. BROOKFIELD RD.,BROOKFIELD,WI,53045,3
18,GRAND CANYON LODGE NORTH RIM,END OF HWY 67,NORTH RIM,AZ,86052,2
19,PISTICCI,125 LA SALLE ST.,NEW YORK,NY,10027,4
20,EDGEWOOD COLLEGE DINING SERVICES,1000 EDGEWOOD COLLEGE DR.,MADISON,WI,53711,3
21,THE GREENHOUSE TAVERN,2038 E. 4TH ST.,CLEVELAND,OH,44115,3
22,BAMBOO SUSHI SOUTHEAST,310 SE 28TH AVE.,PORTLAND,OR,97214,3
23,LOU'S RESTAURANT AND BAKERY,30 S. MAIN ST.,HANOVER,NH,3755,2
24,NIGHT KITCHEN BAKERY,7725 GERMANTOWN AVE.,PHILADELPHIA,PA,19118,1
25,FEDERAL CITY CATERERS,"1119 12TH ST., NW",WASHINGTON,DC,20005,2
26,SEBASTIAN'S CAFE AT THE HARVARD UNIVERSITY SCHOOL OF PUBLIC HEALTH,677 HUNTINGTON AVE.,BOSTON,MA,2115,3
27,RYE COUNTRY DAY SCHOOL,10 CEDAR ST,RYE,NY,10580,3
28,CHARLOTTE LATIN SCHOOL,9502 PROVIDENCE ROAD,CHARLOTTE,NC,28277,2
29,FRIENDS SEMINARY SCHOOL,222 EAST 16TH ST,NEW YORK,NY,10003,3
30,COLUMBIA GRAMMAR AND PREPARATORY SCHOOL,5 WEST 93RD STREET,NEW YORK,NY,10025,2
31,PROVIDENCE DAY SCHOOL,5800 SARDIS ROAD,CHARLOTTE,NC,28270,2
32,NATIONAL CATHEDRAL SCHOOL,3612 WOODLEY ROAD NW,WASHINGTON,DC,20016,2
34,SIMONES,960 W. 18TH ST.,CHICAGO,IL,60608,3
35,HERRINGTON ON THE BAY,7151 LAKE SHORE DRIVE,ROSE HAVEN,MD,20714,3
36,PIZZERIA RUSTICA,2527 W. COLORADO AVE.,COLORADO SPRINGS,CO,80904,4
37,TEX MEX CONNECTION,201 E. WALNUT ST.,NORTH WALES,PA,19454,3
38,KONA PUB & BREWERY,75-5629 KUAKINI HWY.,KAILUA-KONA,HI,96740,4
39,KONA BREWING COMPANY AT KOKO MARINA CENTER,7192 KALANIANA'OLE HWY.,HONOLULU,HI,96825,2
40,BLIND FAITH CAFE,525 DEMPSTER ST,EVANSTON,IL,60201,2
41,POSANA,1 BILTMORE AVE,ASHEVILLE,NC,28801,3
42,GEPPETTO CATERING,4505 QUEENSBURY RD.,RIVERDALE,MD,20737,3
43,EGG PLANTATION,24415 WALNUT ST,NEWHALL,CA,91321,2
44,BELLA SERA,414 MORGANZA RD.,CANONSBURG,PA,15317,3
45,FEDERAL RESERVE BANK OF ST. LOUIS,P.O. BOX 442,ST. LOUIS,MO,63166,2
46,AMERICAN MUSEUM OF NATURAL HISTORY FOOD COURT,CENTRAL PARK WEST AT 79TH ST,NEW YORK,NY,10024,3
47,PHIPPS CONSERVATORY AND BOTANICAL GARDENS,700 FRANK CURTO DR.,PITTSBURGH,PA,15232,3
48,AVEC,615 W RANDOLPH ST.,CHICAGO,IL,60661,2
49,BLACKBIRD,619 W RANDOLPH,CHICAGO,IL,60661,2
50,THE PUBLICAN,837 WEST FULTON MARKET,CHICAGO,IL,60607,2
51,DESIGN CUISINE,2659 S. SHIRLINGTON RD,ARLINGTON,VA,22206,2
52,HARRYS ROADHOUSE,96 OLD LAS VEGAS HWY,SANTA FE,NM,87505,3
53,MUIR WOODS TRADING COMPANY,ONE MUIR WOODS HIGHWAY,MILL VALLEY,CA,94941,3
54,BLOOMBERG CAFETERIA,100 BUSINESS PARK DRIVE,SKILLMAN,NJ,8558,2
55,WINDOWS CATERING COMPANY,5724 GENERAL WASHINGTON DRIVE,ALEXANDRIA,VA,22312,2
56,ON TWELVE AT ALLIANCEBERNSTEIN,1345 AVENUE OF THE AMERICAS,NEW YORK,NY,10105,4
57,ERNST & YOUNG SECAUCUS,200 PLAZA DRIVE,SECAUCUS,NJ,7094,2
58,GOLDMAN SACHS 30H,30 HUDSON STREET,JERSEY CITY,NJ,7302,3
59,SPANGLER CENTER DINING HALL,"SPANGLER CENTER, HARVARD BUSINESS SCHOOL",BOSTON,MA,2163,3
60,CAFE57 AT HEARST,300 W 57TH STREET,NEW YORK,NY,10019,3
61,LEGG MASON CAFETERIA,100 INTERNATIONAL DRIVE,BALTIMORE,MD,21202,3
62,THE TERRACE AT LONGWOOD GARDENS,1001 LONGWOOD ROAD,KENNETT SQUARE,PA,19348,3
63,MOODY'S INVESTORS SERVICES CORPORATE CAFE,7 WORLD TRADE CENTER AT 250 GREENWICH STREET,NEW YORK,NY,10007,3
64,MORGAN STANLEY CORPORATE CAFE,"1585 BROADWAY, LEVEL A",NEW YORK,NY,10036,3
65,THE LODGE AT BRYCE CANYON,13500 UTAH 12,BRYCE,UT,84764,3
66,PIZZA BY CERTE',132 E 56TH,NEW YORK,NY,10106,3
67,THE SUSHI BAR,414 RAILROAD AVE,MCCALL,ID,83638,3
68,FALLINGWATER CAFE,1491 MILL RUN ROAD,MILL RUN,PA,15464,2
69,THE GREY PLUME,"MIDTOWN CROSSING, 220 S. 31ST AVE, SUITE 3101",OMAHA,NE,68131,4
70,JUICE GENERATION,117 WEST 72ND ST,NEW YORK,NY,10023,2
72,BELLAGREEN CITY CENTRE,801 TOWN AND COUNTRY BLVD. 1B,HOUSTON,TX,77024,4
73,AUDUBON CATERING,6500 MAGAZINE ST,NEW ORLEANS,LA,70118,2
74,PARSLEY'S CATERING,1127 WHITE CIRCLE NW,MARIETTA,GA,30060,2
75,HUNTER'S HEAD TAVERN,9048 JOHN MOSBY HWY,UPPERVILLE,VA,20184,3
76,JOHN HANCOCK CAFE,601 CONGRESS ST,BOSTON,MA,2210,2
77,SCOOZI EVENTS NYC,142 WEST 83RD ST,NEW YORK,NY,10024,3
78,AROOGAS ROUTE 15,1300 CAMP HILL BYPASS,CAMP HILL,PA,17011,1
79,AROOGAS ROUTE 39,4301 LINGLESTOWN RD,HARRISBURG,PA,17112,1
80,AROOGAS ROUTE 11,4713 CARLISLE PIKE,MECHANICSBURG,PA,17050,1
81,AROOGAS ROUTE 22,7025 ALLENTOWN BLVD.,HARRISBURG,PA,17112,1
82,MIEL & RUMBA,"INTERCONTINENTAL BOSTON, 510 ATLANTIC AVE.",BOSTON,MA,2210,3
83,GREEN MOUNTAIN COLLEGE,ONE BRENNAN CIRCLE,POULTNEY,VT,5764,3
84,HARMONY RESTAURANT,"800 REDWOOD HIGHWAY, STE 401",MILL VALLEY,CA,94941,2
85,THE GREAT IMPASTA,42 MAINE ST,BRUNSWICK,ME,4011,3
86,"CAFE AT WILD THINGS, LINCOLN PARK ZOO",2230 NORTH CANNON DRIVE,CHICAGO,IL,60614,3
87,RENDEZVOUS CAFE AT UCLA,270 DE NEVE DRIVE,LOS ANGELES,CA,90095,3
88,MAMMOTH HOTEL DINING ROOM,MAMMOTH HOT SPRINGS,YELLOWSTONE NATIONAL PARK,WY,82109,4
89,MORGAN STANLEY CORPORATE CAFETERIA,2000 WESTCHESTER AVE,PURCHASE,NY,10577,3
90,ERNST & YOUNG CORPORATE CAFE,5 TIMES SQUARE,NEW YORK,NY,10036,2
91,CARMO,527 JULIA ST.,NEW ORLEANS,LA,70130,3
92,NATIONAL MUSEUM OF NATURAL HISTORY CAFES,1000 CONSTITUTION AVE NW,WASHINGTON,DC,20004,3
93,TOWN SQUARE CAFE AT WYNDHAM WORLDWIDE,22 SYLVAN DRIVE,PARSIPPANY,NJ,7054,4
94,BALLO,1 MOHEGAN SUN BLVD,UNCASVILLE,CT,6382,3
95,RIVERSIDE CAFE AT EBSCO INFORMATION SERVICES,10 ESTES ST,IPSWICH,MA,1938,3
97,DUPREE CATERING,1006 DELAWARE AVE,LEXINGTON,KY,40502,3
98,THE CANTINA,10 BILTMORE PLAZA,ASHEVILLE,NC,28803,2
100,A THYME TO COOK,426 NW CORNER RD,N. STONINGTON,CT,6359,3
101,WELL DUNN CATERING,510 11TH STREET SE,WASHINGTON,DC,20003,3
102,GREEN SAGE CAFE,5 BROADWAY ST.,ASHEVILLE,NC,28801,3
103,HOMEGROWN,371 MERRIMON AVE,ASHEVILLE,NC,28801,3
104,CHEF'S EXPRESSIONS,9526 DEERECO RD,TIMONIUM,MD,21093,2
105,THE CORNER KITCHEN,3 BOSTON WAY,ASHEVILLE,NC,28803,3
106,MORGAN STANLEY EXECUTIVE DINING ROOM,"1585 BROADWAY, LEVEL A",NEW YORK,NY,10036,2
107,LIFEWORKS RESTAURANT AT JP MORGAN CHASE,383 MADISON AVE,NEW YORK,NY,10017,2
108,KOMODO KINGDOM CAFE AT AKRON ZOOLOGICAL PARK,500 EDGEWOOD AVE,AKRON,OH,44307,4
110,STRADA,27 BROADWAY ST,ASHEVILLE,NC,28801,3
111,SOCIAL LOUNGE & TAPAS,29 BROADWAY ST,ASHEVILLE,NC,28801,3
113,TEXAS SPICE,"OMNI DALLAS HOTEL, 555 LAMAR ST",DALLAS,TX,75202,2
114,FOUNDING FARMERS MOCO,12505 PARK POTOMAC AVE,POTOMAC,MD,20854,3
116,BLUE PLATE CATERING,1362 W FULTON ST,CHICAGO,IL,60607,3
117,STEPHEN F'S AUSTIN BAR & TERRACE,"INTERCONTINENTAL STEPHEN F AUSTIN HOTEL, 701 CONGRESS AVENUE",AUSTIN,TX,78701,2
118,SOUTHERN ART AND BOURBON BAR,"INTERCONTINENTAL BUCKHEAD, 3315 PEACHTREE ROAD, NE",ATLANTA,GA,30326,2
119,MARI LOS ANGELES,"INTERCONTINENTAL LOS ANGELES CENTURY CITY, 2151 AVENUE OF THE STARS",LOS ANGELES,CA,90067,3
120,BRASSERIE OSCO,"INTERCONTINENTAL MONTREAL, 360 ST-ANTOINE OUEST",MONTREAL,QUEBEC,H1Z3X4,3
121,LUCE RESTAURANT & BAR 888,"INTERCONTINENTAL SAN FRANCISCO, 888 HOWARD STREET",SAN FRANCISCO,CA,94103,3
122,CAFE DU PARC,"WILLARD INTERCONTINENTAL HOTEL, 1401 PENNSYLVANIA AVENUE NW",WASHINGTON,DC,20004,3
123,OLDFIELDS SCHOOL,1500 GLENCOE RD,GLENCOE,MD,21152,2
124,CONVENT OF THE SACRED HEART NYC,1 EAST 91ST STREET,NEW YORK,NY,10128,1
125,LYCEE FRANCAIS DE NEW YORK SCHOOL,505 EAST 75TH ST,NEW YORK,NY,10021,2
126,THE HEWITT SCHOOL,45 EAST 75TH ST,NEW YORK,NY,10021,2
127,THE MEADOWBROOK SCHOOL,10 FARM ROAD,WESTON,MA,2493,2
128,GERMAN SCHOOL NEW YORK,50 PARTRIDGE ROAD,WHITE PLAINS,NY,10605,2
129,GILL ST. BERNARD'S SCHOOL,25 BERNARDS ROAD,GLADSTONE,NJ,7934,2
130,HACKLEY SCHOOL,293 BENEDICT AVE,TARRYTOWN,NY,10591,3
131,PRINCETON DAY SCHOOL,650 THE GREAT ROAD,PRINCETON,NJ,8542,4
132,DWIGHT ENGLEWOOD,315 EAST PALISADE AVE,ENGLEWOOD,NJ,7632,2
133,BOSTON UNIVERSITY UNION COURT,775 COMMONWEALTH AVE,BOSTON,MA,2215,3
134,BAMBOO SUSHI NORTHWEST,836 NW 23RD AVENUE,PORTLAND,OR,97210,3
135,AROOGAS ROUTE 94,375 EISENHOWER DR.,HANOVER,PA,17331,1
137,DUKE'S ALEHOUSE AND KITCHEN,110 N. MAIN ST.,CRYSTAL LAKE,IL,60014,3
138,ROOT AND STEM CATERING & EVENTS,2941 FAIRVIEW PARK DR #110,FALLS CHURCH,VA,22042,1
139,JIMMY'S FAMOUS AMERICAN TAVERN,4990 N. HARBOR DRIVE,SAN DIEGO,CA,92651,1
140,CATAQUA PUBLIC HOUSE AT REDHOOK BREWERY,35 CORPORATE DR.,PORTSMOUTH,NH,3801,3
141,NAPIZZA,1702 INDIA ST,SAN DIEGO,CA,92101,3
142,MUSE KITCHEN,1666 LAS VIRGENES CYN RD.,CALABASAS,CA,91302,4
143,WESTMOOR CLUB BISTRO CLUBHOUSE,10 WESTMOOR LANE,NANTUCKET,MA,2554,2
144,THE BEACH PLUM AT THE WESTMOOR CLUB,"WESTMOOR CLUB, 10 WESTMOOR LANE",NANTUCKET,MA,2554,2
146,BELLAGREEN HEIGHTS,748 EAST 11TH ST,HOUSTON,TX,77008,3
147,BELLAGREEN SUGAR LAND,15903 CITY WALK,SUGAR LAND,TX,77479,3
148,BARLEY CREEK BREWING COMPANY,1774 SULLIVAN TRAIL,TANNERSVILLE,PA,18372,3
149,CEDRIC'S TAVERN AT THE BILTMORE ESTATE,1 APPROACH ROAD,ASHEVILLE,NC,28803,3
150,RIDGEWELLS CATERING,5525 DORSEY LANE,BETHESDA,MD,20816,2
151,BOSTON UNIVERSITY FRESH FOOD CO. AT MARCIANO COMMONS,100 BAY STATE ROAD,BOSTON,MA,2215,4
152,GOLDMAN SACHS 200 WEST CAFE,200 WEST STREET,NEW YORK,NY,10282,3
153,FARMERS FISHERS BAKERS,3000 K ST NW,WASHINGTON,DC,20007,3
154,WEST END AT NORTHEASTERN UNIVERSITY,"CURRY STUDENT CENTER, 364 HUNTINGTON AVE",BOSTON,MA,2115,3
155,STARBUCKS AT NORTHEASTERN UNIVERSITY,"CURRY STUDENT CENTER, 364 HUNTINGTON AVE",BOSTON,MA,2115,2
156,ON THE GO AT NORTHEASTERN UNIVERSITY,"CURRY STUDENT CENTER, 364 HUNTINGTON AVE",BOSTON,MA,2115,2
157,SWEET TOMATOES AT NORTHEASTERN UNIVERSITY,"CURRY STUDENT CENTER, 364 HUNTINGTON AVE",BOSTON,MA,2115,2
158,KIGO KITCHEN AT NORTHEASTERN UNIVERSITY,"CURRY STUDENT CENTER, 364 HUNTINGTON AVE",BOSTON,MA,2115,2
159,UBURGER AT NORTHEASTERN UNIVERSITY,"CURRY STUDENT CENTER, 364 HUNTINGTON AVE",BOSTON,MA,2115,2
160,POPEYE'S AT NORTHEASTERN UNIVERSITY,"CURRY STUDENT CENTER, 364 HUNTINGTON AVE",BOSTON,MA,2115,1
161,ARGO TEA AT NORTHEASTERN UNIVERSITY,"SNELL LIBRARY, 376 HUNTINGTON AVE",BOSTON,MA,2115,2
162,SUBWAY AT NORTHEASTERN UNIVERSITY,"RYDER HALL, 11 LEON ST.",BOSTON,MA,2115,1
163,CAFE716 AT NORTHEASTERN UNIVERSITY,716 COLUMBUS AVE,BOSTON,MA,2120,2
164,FACULTY CLUB AT NORTHEASTERN UNIVERSITY,716 COLUMBUS AVE,BOSTON,MA,2120,2
165,STETSON WEST AT NORTHEASTERN UNIVERSITY,11 SPEARE PLACE,BOSTON,MA,2115,3
166,MATTHEWS CONCESSION AT NORTHEASTERN UNIVERSITY,"MATTHEWS ARENA, 238 ST. BOLTOLPH ST.",BOSTON,MA,2115,1
167,LA PRIMA CATERING / CATERING BY SEASONS,5105 BERWYN ROAD,COLLEGE PARK,MD,20740,4
168,COFFEE LABS ROASTERS,7 MAIN STREET,TARRYTOWN,NY,10591,3
169,CORAL TREE CAFE,17499 VENTURA BLVD,ENCINO,CA,91316,2
171,ATRIUM CAFE,"OHIO UNIVERSITY, E106 GROVER CENTER",ATHENS,OH,45701,3
172,BEERLINE CAFE,2076 NORTH COMMERCE STREET,MILWAUKEE,WI,53212,4
173,WILD OLIVE CUCINA ITALIANA,2867 MAYBANK HIGHWAY,JOHNS ISLAND,SC,29455,3
174,BUCKLEY DINING HALL AT UNIVERSITY OF CONNECTICUT,1276 STORRS ROAD,STORRS,CT,6269,3
176,THE BISTRO AT THE BILTMORE ESTATE,1 LODGE STREET,ASHEVILLE,NC,28801,3
177,AROOGAS DOWNTOWN,201 NORTH 2ND ST,HARRISBURG,PA,17101,1
178,AROOGAS ROUTE 124,1211 HAINES RD,YORK,PA,17402,1
179,CURATE,11 BILTMORE AVENUE,ASHEVILLE,NC,28801,3
180,ANNENBERG DINING HALL AT HARVARD UNIVERSITY,"45 QUINCY ST, MEMORIAL HALL",CAMBRIDGE,MA,2138,3
181,ADAMS HOUSE DINING HALL AT HARVARD UNIVERSITY,11 BOW ST,CAMBRIDGE,MA,2138,2
182,QUINCY DINING HALL AT HARVARD UNIVERSITY,1 DE WOLFE ST,CAMBRIDGE,MA,2138,3
183,DUNSTER MATHER DINING HALL AT HARVARD UNIVERSITY,8 FLAGG ST,CAMBRIDGE,MA,,3
184,RABBI BEN-ZION GOLD DINING HALL AT HARVARD UNIVERSITY,52 MT AUBURN ST,CAMBRIDGE,MA,2138,1
185,ELIOT AND KIRKLAND HOUSE DINING HALL AT HARVARD UNIVERSITY,80 JFK STREET,CAMBRIDGE,MA,2138,3
186,LEVERETT HOUSE DINING HALL AT HARVARD UNIVERSITY,28 DEWOLF STREET,CAMBRIDGE,MA,2138,3
187,CABOT & PFORZHEIMER HOUSE DINING HALL AT HARVARD UNIVERSITY,124 WALKER STREET,CAMBRIDGE,MA,2138,3
188,CURRIER HOUSE DINING HALL AT HARVARD UNIVERSITY,59 GARDEN STREET,CAMBRIDGE,MA,2138,3
189,DURHAM COLLEGE CENTRE FOR FOOD,1604 CHAMPLAIN AVENUE,WHITBY,ONTARIO,L1N 6A7,3
190,BASE CAMP CAFE AT THE CINCINNATI ZOO AND BOTANICAL GARDEN,3400 VINE STREET,CINCINNATI,OH,45220,4
191,BIG DELICIOUS PLANET CATERING & CANTEEN,412 NORTH WOLCOTT AVE,CHICAGO,IL,60622,4
192,ROUND ROBIN,"WILLARD INTERCONTINENTAL HOTEL, 1401 PENNSYLVANIA AVENUE NW",WASHINGTON,DC,20004,3
193,CAMILLE'S SIDEWALK CAFE,123 MAIN ST,WHITE PLAINS,NY,10601,3
194,SMITHSONIAN NATIONAL MUSEUM OF THE AMERICAN INDIAN'S MITSITAM CAFE,INDEPENDENCE AVE SW,WASHINGTON,DC,20004,3
195,CARVER'S CAFE AT XANTERRA PARKS & RESORTS AT MT. RUSHMORE,"13000 SD HIGHWAY 244, BUILDING 81",KEYSTONE,SD,57751,3
196,THE STANDARD LUXURY TAVERN,360 ELGIN ST,OTTAWA,ONTARIO,K2P1M8,2
197,LA PRIMA CATERING,735 YORK ROAD,WILLOW GROVE,PA,19090,3
199,TWIGS AT OXFORD AT UNIVERSITY OF MICHIGAN,619 OXFORD ROAD,ANN ARBOR,MI,48109-1316,3
200,MAPORI RESTAURANT AT THE COLUMBUS ZOO AND AQUARIUM,4850 POWELL ROAD,POWELL,OH,43065,4
201,LAIR MARKETPLACE AT LOYOLA MARYMOUNT UNIVERSITY,"1 LMU DRIVE, MS 8420",LOS ANGELES,CA,90045,4
202,ROSKI DINING HALL AT LOYOLA MARYMOUNT UNIVERSITY,"1 LMU DRIVE, MS 8420",LOS ANGELES,CA,90045,4
203,HEARTH,1625 HINMAN AVENUE,EVANSTON,IL,60202,2
204,STARBUCKS COLLEGE AVE AT SDSU,5131 COLLEGE AVE,SAN DIEGO,CA,92115,2
205,THE BAKE SHOP AT SDSU,"SAN DIEGO STATE UNIVERSITY, 92182-1701",SAN DIEGO,CA,92182,1
206,STARBUCKS WEST-END PLAZA AT SDSU,"SAN DIEGO STATE UNIVERSITY, 92182-1701",SAN DIEGO,CA,92182,2
207,AREA 51 AT SDSU,"SAN DIEGO STATE UNIVERSITY, 92182-1701",SAN DIEGO,CA,92182,2
208,CULINARY THEATER AT SDSU,"SAN DIEGO STATE UNIVERSITY, 92182-1701",SAN DIEGO,CA,92182,2
209,THE DINING ROOM AT SDSU,"SAN DIEGO STATE UNIVERSITY, 92182-1701",SAN DIEGO,CA,92182,2
210,JUICE IT UP EAST COMMONS AT SDSU,"SAN DIEGO STATE UNIVERSITY, 92182-1701",SAN DIEGO,CA,92182,3
211,SO-CAL CHICKEN AT SDSU,"SAN DIEGO STATE UNIVERSITY, 92182-1701",SAN DIEGO,CA,92182,2
212,VINNIE'S PIZZA AND PASTA BAR AT SDSU,"SAN DIEGO STATE UNIVERSITY, 92182-1701",SAN DIEGO,CA,92182,2
215,AVENUES: THE WORLD SCHOOL,259 10TH AVENUE,NEW YORK,NY,10001,2
216,ROCKHURST HIGH SCHOOL,9301 STATELINE ROAD,KANSAS CITY,MO,64114,2
217,THE BISTRO AT TRINITY COLLEGE,120 VERNON ST,HARTFORD,CT,6106,3
218,CARDIGAN MOUNTAIN SCHOOL,62 ALUMNI DRIVE,CANAAN,NH,3741,1
219,MALONE DINING HALL AT THE WESTMINSTER SCHOOLS,1424 WEST PACES FERRY ROAD NW,ATLANTA,GA,30327,2
220,TRINITY SCHOOL,139 WEST 91ST STREET,NEW YORK,NY,10024,3
221,FRIENDS ACADEMY,270 DUCK POND ROAD,LOCUST VALLEY,NY,11560,2
222,GREENWICH ACADEMY,200 NORTH MAPLE AVENUE,GREENWICH,CT,6830,2
223,COMPTON CAFE AT THE MORRIS ARBORETUM OF THE UNIVERSITY OF PENNSYLVANIA,9414 MEADOWBROOK AVENUE,PHILADELPHIA,PA,19118,3
226,SANTINA,820 WASHINGTON STREET,NEW YORK,NY,10014,2
227,STERLING AFFAIR CATERING & EVENTS,100 COMMERCE ROAD,CARLSTADT,NJ,7072,2
228,BRUIN PLATE AT UCLA,251 CHARLES YOUNG DRIVE WEST,LOS ANGELES,CA,90095,4
229,ARCTIC CAFE AT DETROIT ZOO,8450 WEST TEN MILE ROAD,ROYAL OAK,MI,48068,3
230,SANTORINI GREEK ISLAND GRILL AT UCSD,"PRICE CENTER STUDENT UNION, 9700 GILMAN DRIVE, P M B 222",LA JOLLA,CA,92093,1
232,VIEJAS ARENA AT SDSU,"SAN DIEGO STATE UNIVERSITY, 5500 CANYON CREST DR",SAN DIEGO,CA,92182,2
233,OPEN AIR THEATER AT SDSU,"SAN DIEGO STATE UNIVERSITY, 5500 CAMPANILE DRIVE",SAN DIEGO,CA,92182,2
234,TONY GWYNN STADIUM AT SDSU,SAN DIEGO STATE UNIVERSITY,SAN DIEGO,CA,92182,2
235,UNIVERSITY TOWERS KITCHEN AT SDSU,SAN DIEGO STATE UNIVERSITY,SAN DIEGO,CA,92182,2
236,FACULTY STAFF CLUB AT SDSU,SAN DIEGO STATE UNIVERSITY,SAN DIEGO,CA,92182-1701,2
237,THE HIVE AT BLACK HILLS STATE UNIVERSITY,1200 UNIVERSITY STREET,SPEARFISH,SD,57799,3
238,MEEZ MEALS,1459 ELMWOOD AVENUE,EVANSTON,IL,60201,3
239,LENNIE'S,1795 E. 10TH STREET,BLOOMINGTON,IN,47408,3
240,TUSKERS AT RIVERBANKS ZOO,500 WILDLIFE PARKWAY,COLUMBIA,SC,29210,3
241,MARIE'S FLEUR DE LIS CATERING,4846 MAGAZINE STREET,NEW ORLEANS,LA,70115,3
242,CREEKSIDE RESTAURANT,157151 HWY 101,FORKS,WA,98331,3
243,CATERING BY MICHAELS,6203 PARK AVENUE,MORTON GROVE,IL,60053-2363,3
244,KENYON INN RESTAURANT AT KENYON COLLEGE,100 W. WIGGIN STREET,GAMBIER,OH,43022,3
245,PEIRCE DINING HALL AT KENYON COLLEGE,201 COLLEGE PARK STREET,GAMBIER,OH,43022,3
246,TAMO,ONE SEAPORT LANE,BOSTON,MA,2110,3
247,BUZZ SHACK AT BLACK HILLS STATE UNIVERSITY,1200 UNIVERSITY STREET,SPEARFISH,SD,57799,3
248,EPISCOPAL HIGH SCHOOL,1200 N QUAKER LANE,ALEXANDRIA,VA,22302,2
249,THE BEASTRO AT UTAH'S HOGLE ZOO,2600 EAST SUNNYSIDE AVENUE,SALT LAKE CITY,UT,84108,3
250,SHORELINE GRILL AT UTAH'S HOGLE ZOO,2600 EAST SUNNYSIDE AVENUE,SALT LAKE CITY,UT,84108,3
251,ENGRAINED AT GRAND VALLEY STATE UNIVERSITY,4152 CALDER DRIVE,ALLENDALE,MI,49401,3
252,CORCORAN CATERERS,2401 MONTGOMERY STREET,SILVER SPRING,MD,20910,3
253,A LA CARTE CATERING,6608 JAMES MADISON HIGHWAY,HAYMARKET,VA,20169,1
254,THE ANNEX KITCHEN,2257 WEST SHAW AVENUE,FRESNO,CA,93711,2
255,FRENCH BROAD CHOCOLATES,10 S. PACK SQUARE,ASHEVILLE,NC,28801,3
256,C4C DINING AT CU-BOULDER,"HOUSING & DINING SERVICES, C4C N170K, UCB 159",BOULDER,CO,80309,3
257,GRAND DEPOT CAFE,233 NORTH GRAND CANYON BOULEVARD,WILLIAMS,AZ,86046,3
258,THE PURPLE ONION,16 MAIN STREET,SALUDA,NC,28773,3
259,AROOGAS ROUTE 422,637 E. MAIN STREET,HUMMELSTOWN,PA,17036,1
260,AROOGAS ROUTE 32,32 SANDY DESERT ROAD,UNCASVILLE,CT,6382,1
261,BOSTON UNIVERSITY SCHOOL OF LAW CAFE,765 COMMONWEALTH AVE,BOSTON,MA,2215,3
262,BOSTON UNIVERSITY WEST CAMPUS FRESH FOOD CO.,275 BABCOCK STREET,BOSTON,MA,2215,3
263,BOSTON UNIVERSITY FRESH FOOD CO. AT WARREN TOWERS,700 COMOMNWEALTH AVENUE,BOSTON,MA,2215,3
264,FOUNDING FARMERS TYSONS,"1800 TYSONS BLVD, SUITE 70",MCLEAN,VA,22012,3
267,THE MARSHAL,628 10TH AVENUE,NEW YORK,NY,10036,3
268,TASTE OF THE WILD CATERING AT UTAH'S HOGLE ZOO,2600 EAST SUNNYSIDE AVENUE,SALT LAKE CITY,UT,84108,2
269,CAFE DE BOSTON,75 FEDERAL STREET,BOSTON,MA,2110,3
270,HABIT BURGER AT SDSU,"AZTEC STUDENT UNION, 5500 CAMPANILE DRIVE",SAN DIEGO,CA,92182,2
271,STATE & ALLEN KITCHEN + BAR,2400 ALLEN STREET,DALLAS,TX,75204,2
272,HOLLOWAY COMMONS AT UNIVERSITY OF NEW HAMPSHIRE,75 MAIN STREET,DURHAM,NH,3824,3
273,PHILBROOK DINING HALL AT UNIVERSITY OF NEW HAMPSHIRE,29 MCDANIEL DRIVE,DURHAM,NH,3824,3
274,STILLINGS DINING HALL AT UNIVERSITY OF NEW HAMPSHIRE,20 BALLARD STREET,DURHAM,NH,3824,3
275,DAIRY BAR AT UNIVERSITY OF NEW HAMPSHIRE,3 DEPOT ROAD,DURHAM,NH,3824,3
276,BELLAGREEN WOODLANDS,"2501 RESEARCH FORREST DRIVE, SUITE E",WOODLANDS,TX,77381,3
277,THE CHEESE CORNER,323 SOUTH MAIN ST.,VIROQUA,WI,54665,1
278,TABOR ACADEMY,215 FRONT ST,MARION,MA,2738,2
279,WOOSTER SCHOOL,91 MIRY BROOK ROAD,DANBURY,CT,6810,2
280,EPISCOPAL SCHOOL OF KNOXVILLE,950 EPISCOPAL SCHOOL WAY,KNOXVILLE,TN,37932,2
281,RICE UNIVERSITY NORTH SERVERY,6100 MAIN STREET,HOUSTON,TX,77005,1
282,RICE UNIVERSITY SOUTH SERVERY,6100 MAIN STREET,HOUSTON,TX,77005,1
283,RICE UNIVERSITY SEIBEL SERVERY,6100 MAIN STREET,HOUSTON,TX,77005,1
284,RICE UNIVERSITY WEST SERVERY,6100 MAIN STREET,HOUSTON,TX,77005,1
285,RICE UNIVERSITY BAKER COLLEGE KITCHEN,6100 MAIN STREET,HOUSTON,TX,77005,1
286,RICE UNIVERSITY SID RICHARDSON COLLEGE KITCHEN,6100 MAIN STREET,HOUSTON,TX,77005,1
287,THE NEW SCHOOL DINING COMMONS AT THE UNIVERSITY CENTER,65 5TH AVENUE,NEW YORK,NY,10011,3
288,COPPER CANYON GRILL,100 BOARDWALK PLACE,GAITHERSBURG,MD,20878,2
289,SPRINGSIDE CHESTNUT HILL ACADEMY -- CHEROKEE CAMPUS,8000 CHEROKEE STREET,PHILADELPHIA,PA,19118,3
290,SPRINGSIDE CHESTNUT HILL ACADEMY - WILLOW GROVE CAMPUS,500 WILLOW GROVE AVE,PHILADELPHIA,PA,19118,3
291,THE OBSTINATE DAUGHTER,2063 MIDDLE STREET,SULLIVANS ISLAND,SC,29482,3
292,KITCHEN SYNC,1609 LAURENS ROAD,GREENVILLE,SC,29606,4
293,DUNN SCHOOL,2555 W. HIGHWAY 154,LOS OLIVOS,CA,93441,3
294,AROOGAS ROUTE 696,105 W KING ST,SHIPPENSBURG,PA,17257,1
295,WHITNEY DINING AT UNIVERSITY OF CONNECTICUT,1346 STORRS ROAD,STORRS,CT,6269,3
296,GELFENBIEN COMMONS AT UNIVERSITY OF CONNECTICUT,3384 TOWERS LOOP ROAD,STORRS,CT,6269,3
297,PIEDMONT NORTH AT GEORGIA STATE UNIVERSITY,75 PIEDMONT AVE,ATLANTA,GA,30303,3
298,PATTON DINING HALL AT GEORGIA STATE UNIVERSITY,160 EDGEWOOD AVE NE,ATLANTA,GA,30303,3
299,CATHEY DINING COMMONS AT UNIVERSITY OF CHICAGO,6025 S. ELLIS AVENUE,CHICAGO,IL,60637,2
300,LOGAN CAFE AT UNIVERSITY OF CHICAGO,915 E. 60TH STREET,CHICAGO,IL,60637,2
301,NORTHGATE JUICE JOINT,215 UNIVERSITY DRIVE,COLLEGE STATION,TX,77841,3
302,CHIPOTLE MEXICAN GRILL AT SDSU,SAN DIEGO STATE UNIVERSITY,SAN DIEGO,CA,92182,2
303,JAMBO GRILL AT PITTSBURGH ZOO,ONE WILD PLACE,PITTSBURGH,PA,15206,3
304,NEW LEAF CAFE,561 VIRGINIA ROAD,CONCORD,MA,1742,3
305,VIA CAROTA,51 GROVE ST,NEW YORK,NY,10014,2
306,BUVETTE,42 GROVE ST,NEW YORK,NY,10014,2
307,EAST FOOD COURT AT UC IRVINE,C210 STUDENT CENTER,IRVINE,CA,92697,3
308,AROOGAS ROUTE 462,125 SOUTH CENTERVILLE ROAD,LANCASTER,PA,17603,1
310,OGGI'S PIZZA EXPRESS AT SDSU,5500 CAMPANILE DRIVE,SAN DIEGO,CA,92182,2
311,PEPPER'S ARTFUL EVENTS,43 HUDSON STREET,NORTHBOROUGH,MA,1532,3
313,THE BLACKBIRD,905 NORTH WASHINGTON STREET,SPOKANE,WA,99201,4
314,INTERCONTINENTAL MARK HOPKINS,999 CALIFORNIA ST,SAN FRANCISCO,CA,94108,3
315,SAVORY CATERING,5855 MAPLE AVENUE,DALLAS,TX,75235,1
316,BODY GLOVE CRUISES,75-5629 KUAKINI HIGHWAY,KAILUA KONA,HI,96740,2
317,RATHBONE AT LEHIGH UNIVERSITY,63 UNIVERSITY DRIVE,BETHLEHEM,PA,18015,2
318,BAMBOO SUSHI NORTHEAST,1409 N.E. ALBERTA STREET,PORTLAND,OR,97210,3
319,MONTRIO BISTRO,414 CALLE PRINCIPAL,MONTEREY,CA,93940,2
321,HUMMINGBIRD TEA ROOM & BAKERY,30420 FM 2978,THE WOODLANDS,TX,77354,1
322,&GRAIN,700 NORTH AVENUE,GARWOOD,NJ,7027,3
323,SHARPE REFECTORY AT BROWN UNIVERSITY,"BROWN UNIVERSITY, 144 THAYER ST",PROVIDENCE,RI,2906,3
324,VERNEY-WOOLLEY AT BROWN UNIVERSITY,"BROWN UNIVERSITY, 135 CUSHING STREET",PROVIDENCE,RI,2912,3
325,JOSIAH'S AT BROWN UNIVERSITY,"BROWN UNIVERSITY, 114 POWER STREET",PROVIDENCE,RI,2912,3
326,BLUE ROOM AT BROWN UNIVERSITY,"BROWN UNIVERSITY, 75 WATERMAN STREET",PROVIDENCE,RI,2912,2
327,ANDREWS COMMONS AT BROWN UNIVERSITY,211 BOWEN STREET,PROVIDENCE,RI,2912,2
328,MEDITERRA CLUBHOUSE,15755 CORSO MEDITERRA CIRCLE,NAPLES,FL,34110,2
329,MEDITERRA BEACH CLUB RESTAURANT,26110 HICKORY BLVD.,BONITA SPRINGS,FL,34134,2
330,MEDITERRA BANQUETS,15755 CORSO MEDITERRA CIRCLE,NAPLES,FL,34110,2
331,THE RED LENTIL,600 MOUNT AUBURN STREET,WATERTOWN,MA,2472,1
332,CAFE CROSSING AT NORTHEASTERN UNIVERSITY,364 HUNTINGTON AVE,BOSTON,MA,2115,2
334,PUTNAM REFECTORY AT UNIVERSITY OF CONNECTICUT,3384 TOWERS LOOP ROAD,STORRS,CT,6269,4
335,ROME COMMONS AT SOUTH AT UNIVERSITY OF CONNECTICUT,3384 TOWERS LOOP ROAD,STORRS,CT,6269,3
336,NOZ CATERING,97 SAINT MARKS PLACE,NEW YORK,NY,10009,2
337,DICKINSON COLLEGE DINING HALL,28 NORTH COLLEGE STREET,CARLISLE,PA,17013-2896,3
338,HOPE STREET PIZZA,772 HOPE STREET,PROVIDENCE,RI,2906,1
340,UNC CHAPEL HILL - 1.5.0,36 LENOIR HALL,CHAPEL HILL,NC,27599,3
341,UNC CHAPEL HILL - TOP OF LENOIR,36 LENOIR HALL,CHAPEL HILL,NC,27599,3
342,CHASE DINING HALL AT UNC CHAPEL HILL,104 RIDGE ROAD,CHAPEL HILL,NC,27599,3
343,HERTZ CORPORATE HEADQUARTERS CAFE,8501 WILLIAMS RD,ESTERO,FL,33928,4
344,JIMMY'S FAMOUS AMERICAN TAVERN BREA,3325 E. IMPERIAL HIGHWAY,BREA,CA,92823,1
345,MARKET FRESH AT MONTY'S MARKET EAST COMMON AT SDSU,SAN DIEGO STATE UNIVERSITY,SAN DIEGO,CA,,2
346,MARKET FRESH AT AZTEC UNION MARKET AT SDSU,SAN DIEGO STATE UNIVERSITY,SAN DIEGO,CA,,2
347,MARKET FRESH AT MONTY'S MARKET CUICACALLI AT SDSU,SAN DIEGO STATE UNIVERSITY,SAN DIEGO,CA,,2
348,MARKET FRESH AT AZTEC MARKET WEST COMMONS AT SDSU,SAN DIEGO STATE UNIVERSITY,SAN DIEGO,CA,,2
349,MARKET FRESH AT MONTY'S MARKET CHAPULTAPEC AT SDSU,SAN DIEGO STATE UNIVERSITY,SAN DIEGO,CA,,2
350,MCVTS PERTH AMBOY,457 HIGH STREET,PERTH AMBOY,NJ,8861,3
351,A MAIN EVENT CATERERS,3870 SOUTH FOUR MILE RUN DRIVE,ARLINGTON,VA,22204,1
352,THE FARM BARN CAFE,1112 DUKES PARKWAY WEST,HILLSBOROUGH,NJ,8844,4
353,GOOD CHOICE KITCHEN,147 MAIN STREET,OSSINING,NY,10562,4
354,FIRESIDE CAFE AT UNIVERSITY OF MICHIGAN,PIERPONT COMMONS UPPER LEVEL2101 BONISTEEL BLVD.,ANN ARBOR,MI,48109,1
355,UVA OHILL DINING ROOM,525 MCCORMICK ROAD,CHARLOTTESVILLE,VA,22094,3
356,UVA FINE ARTS CAFE,110 BAYLY DRIVE,CHARLOTTESVILLE,VA,22094,2
357,MARKET FRESH AT AZTEC MARKET 808 AT SDSU,SAN DIEGO STATE UNIVERSITY,SAN DIEGO,CA,,2
358,BAMBOO SUSHI SW,404 S.W. 12TH AVENUE,PORTLAND,OR,97205,3
359,CARMICHAEL AT TUFTS UNIVERSITY,200 PACKARD AVE.,MEDFORD,MA,,3
360,DEWICK-MACPHIE AT TUFTS UNIVERSITY,25 LATIN WAY,SOMERVILLE,MA,,3
361,COMMONS MARKETPLACE AT TUFTS UNIVERSITY,44 PROFESSORS ROW,SOMERVILLE,MA,,3
362,HODGDON ON-THE-RUN AT TUFTS UNIVERSITY,100 TALBOT AVE.,SOMERVILLE,MA,,3
363,HOTUNG CAFE AT TUFTS UNIVERSITY,44 PROFESSORS ROW,SOMERVILLE,MA,,3
364,MUGAR CAFE AT TUFTS UNIVERSITY,1 FLETCHER WAY,MEDFORD,MA,,3
365,PAT ET LOX AT TUFTS UNIVERSITY,44 PROFESSORS ROW,SOMERVILLE,MA,,3
366,TOWER CAFE AT TUFTS UNIVERSITY,35 PROFESSORS ROW,SOMERVILLE,MA,,3
367,CATERING AT TUFTS UNIVERSITY,1 FLETCHER WAY,MEDFORD,MA,,3
368,ACADEMY CAFE AT CALIFORNIA ACADEMY OF SCIENCES,55 MUSIC CONCOURSE DRIVE,SAN FRANCISCO,CA,94118,3
369,THE TERRACE AT CALIFORNIA ACADEMY OF SCIENCES,55 MUSIC CONCOURSE DRIVE,SAN FRANCISCO,CA,94118,3
370,EVENTS AT CALIFORNIA ACADEMY OF SCIENCES,55 MUSIC CONCOURSE DRIVE,SAN FRANCISCO,CA,94118,3
371,ROCKEFELLER MATHEY AT PRINCETON UNIVERSITY,UNIVERSITY PLACE,PRINCETON,NJ,8540,1
372,FORBES COLLEGE AT PRINCETON UNIVERSITY,ALEXANDER STREET,PRINCETON,NJ,8540,3
373,TIM HORTONS 2171,1655 18TH ST.,BRANDON,"MANITOBA, CANADA",R7A5C6,1
374,TIM HORTONS 2250,1845 MIDDLETON AVENUE,BRANDON,"MANITOBA, CANADA",R7C1A7,1
375,TIM HORTONS 2708,150 MCTAVISH AVENUE E,BRANDON,"MANITOBA, CANADA",R7A2B3,1
376,TIM HORTONS 3121,"2800 VICTORIA AVENUE, UNIT C",BRANDON,"MANITOBA, CANADA",R7B3X1,1
377,TIM HORTONS 3374,"400 FRONTAGE ROAD, BOX 1300",VIRDEN,"MANITOBA, CANADA",R0M2C0,1
378,TIM HORTONS 4369,"1570 18TH STREET, SHOPPERS MALL BRANDON",BRANDON,"MANITOBA, CANADA",R7A5C5,1
379,AROOGAS ROUTE 5,615 GREENWICH AVENUE,WARWICK,RI,2886,1
380,THE UNIVERSITY OF TEXAS AT DALLAS - DINING HALL WEST,2770 WATERVIEW PARKWAY,RICHARDSON,TX,75080,3
381,OSTERIA LEANA,76 SOUTH STREET,OYSTER BAY,NY,11771,1
382,THE REBEL MARKET AT UNIVERSITY OF MISSISSIPPI,144 JOHNSON COMMONS,UNIVERSITY,MS,38677,1
383,CATERING AT UNIVERSITY OF MISSISSIPPI,144 JOHNSON COMMONS,UNIVERSITY,MS,38677,1
384,LE BISTRO AT CULINARY INSTITUTE LENOTRE,7070 ALLENSBY STREET,HOUSTON,TX,77022,1
385,MCGAUVRAN DINING HALL AT UMASS LOWELL,71 WILDER STREET,LOWELL,MA,1854,3
386,MCMAHON DINING AT UNIVERSITY OF CONNECTICUT,2011 HILLSIDE ROAD,STORRS,CT,6269,3
387,AROOGAS 1 WEST MAIN,1 WEST MAIN STREET,PATCHOGUE,NY,11772,1
388,LENFEST CAFE AT COLUMBIA UNIVERSITY,"435 W 116TH STREET, 3RD FLOOR",NEW YORK,NY,10027,1
389,URIS DELI AT COLUMBIA UNIVERSITY,3022 BROADWAY,NEW YORK,NY,10027,1
390,BLUE JAVA COFFEE BAR BUTLER LIBRARY AT COLUMBIA UNIVERSITY,535 W 114TH STREET,NEW YORK,NY,10027,1
391,CAFE 212 AT COLUMBIA UNIVERSITY,"2920 BROADWAY, 2ND FLOOR CAMPUS LEVEL",NEW YORK,NY,10027,1
392,JOHN JAY DINING HALL AT COLUMBIA UNIVERSITY,515 W 114TH STREET,NEW YORK,NY,10027,1
393,FERRIS BOOTH AT COLUMBIA UNIVERSITY,"2920 BROADWAY, 3RD FLOOR",NEW YORK,NY,10027,1
394,BLUE JAVA CAFE MUDD HALL AT COLUMBIA UNIVERSITY,"500 W 120TH STREET, 4TH FLOOR",NEW YORK,NY,10027,1
395,JJ'S PLACE AT COLUMBIA UNIVERSITY,"515 W 114TH STREET, LOWER LEVEL",NEW YORK,NY,10027,1
396,ANCOLIE,58 WEST 8TH STREET,NEW YORK,NY,10003,4
397,THE MARKETPLACE AT DUKE UNIVERSITY,EAST CAMPUS UNION1324 CAMPUS DRIVE,DURHAM,NC,27708,3
398,ASPEN GRILLE AT COLORADO STATE UNVIERSITY,COLORADO STATE UNIVERSITY-LORY STUDENT CENTER,FORT COLLINS,CO,80523,1
399,TERRAVE AT PURCHASE COLLEGE,735 ANDERSON HILL ROAD,PURCHASE,NY,10577,1
400,PLNU DINING HALL AT POINT LOMA NAZARENE UNIVERSITY,3900 LOMALAND DRIVE,SAN DIEGO,CA,92106,1
401,MCC CAFE AT MCHENRY COUNTY COLLEGE,8900 US HIGHWAY 14,CRYSTAL LAKE,IL,60012,3
403,SHORES PARK CAFE AT THE COLUMBUS ZOO AND AQUARIUM,4850 POWELL ROAD,POWELL,OH,43065,1
404,BELLAGREEN RIVER OAKS,2305 WEST ALABAMA ST,HOUSTON,TX,77098,3
405,NORTH CAMPUS DINING AT UNIVERSITY OF CONNECTICUT,82 N. EAGLEVILLE ROAD,STORRS,CT,6269,3
406,NORTHWEST MARKETPLACE AT UNIVERSITY OF CONNECTICUT,110 N. EAGLEVILLE ROAD,STORRS,CT,6269,3
407,CROSSROADS CAFE AT UMASS LOWELL,"UNIVERSITY CROSSINGS, 220 PAWTUCKET STREET",LOWELL,MA,1854,3
408,EUREST AT LPL FINANCIAL,1055 LPL WAY,FORT MILL,SC,29715,1
409,THE GOVERNOR'S ACADEMY,1 ELM STREET,BYFIELD,MA,1922,3
410,PIEDMONT CENTRAL AT GEORGIA STATE UNIVERSITY,92 PIEDMONT AVE,ATLANTA,GA,30303,3
411,COPPER LOUNGE,"INTERCONTINENTAL LOS ANGELES CENTURY CITY, 2151 AVENUE OF THE STARS",LOS ANGELES,CA,90067,2
412,BASIL CARMEL,SAN CARLOS AVENUE BETWEEN OCEAN & 7TH,CARMEL BY THE SEA,CA,93921,3
413,RSVP CATERING,2930 PROSPERITY AVENUE,FAIRFAX,VA,22031,1
414,HEALTHY LIVING CAFE AT AMERICAN EXPRESS,200 VESEY STREET,NEW YORK,NY,10285,2
415,CATERING AT AMERICAN EXPRESS,200 VESEY STREET,NEW YORK,NY,10285,2
416,EF ACADEMY,582 COLUMBUS AVENUE,THORNWOOD,NY,10594,1
417,TERRACE DINING HALL AT AMERICAN UNIVERSITY,"4400 MASSACHUSETTS AVE NW, MARY GRAYDON CENTER",WASHINGTON,DC,20008,1
418,BADLANDS CEDAR PASS LODGE,20681 S. DAKOTA HWY. 240,INTERIOR,SD,57750,2
419,WESTTOWN SCHOOL,975 WESTTOWN ROAD,WESTCHESTER,PA,19382,4
420,FARMERS & DISTILLERS,"600 MASSACHUSETTS AVE., NW",WASHINGTON,DC,20001,3
421,OUTPOST GRILL AT CALIFORNIA STATE UNIVERSITY - LONG BEACH,6049 EAST 7TH STREET,LONG BEACH,CA,90840,1
422,NUGGET GRILL & PUB AT CALIFORNIA STATE UNIVERSITY - LONG BEACH,6049 EAST 7TH STREET,LONG BEACH,CA,90840,1
423,THE PARK SCHOOL,171 GODDARD AVE,BROOKLINE,MA,2445,1
424,EAST CAMPUS DINING HALL AT JAMES MADISON UNIVERSITY,"1681 CARRIER DR, BUILDING 209",HARRISONBURG,VA,22807,1
425,BAMBOO SUSHI LOHI,2715 17TH ST.,DENVER,CO,80211,3
426,QUICKFISH POKE BAR,1122 SW STARK STREET,PORTLAND,OR,97205,3
427,24/7 DINING HALL AT UNIVERSITY OF OTTAWA,85 UNIVERSITY (345),OTTAWA,ONTARIO,K1N 6N5,3
428,"SAMSUNG ELECTRONICS AMERICA, INC. 85 CHALLENGER RD., NJ",85 CHALLENGER ROAD,RIDGEFIELD PARK,NJ,7660,1
429,OPA! GREEK AT CALIFORNIA STATE UNIVERSITY - LONG BEACH,6049 EAST 7TH STREET,LONG BEACH,CA,90840,1
430,BEACH WALK AT CALIFORNIA STATE UNIVERSITY - LONG BEACH,6049 EAST 7TH STREET,LONG BEACH,CA,90840,1
431,CARLSBAD CAVERNS TRADING CAFE,727 CARLSBAD CAVERN HWY,CARLSBAD,NM,88220,2
432,GREEN RIVER GRILL AT THE LODGE AT MAMMOTH CAVE,1 MAMMOTH CAVE PKWY,MAMMOTH CAVE,KY,42259,3
433,SPELUNKER'S CAFE  & ICE CREAM PARLOR AT THE LODGE AT MAMMOTH CAVE,1 MAMMOTH CAVE PKWY,MAMMOTH CAVE,KY,42259,3
434,HENRY FORD MUSEUM - MICHIGAN CAFE,20900 OAKWOOD BOULEVARD,DEARBORN,MI,48124,1
435,HENRY FORD CATERING,20900 OAKWOOD BOULEVARD,DEARBORN,MI,48124,1
436,A TASTE OF HISTORY,20900 OAKWOOD BOULEVARD,DEARBORN,MI,48124,1
437,REBECCA'S CAFES & CATERING,1601 TRAPELO ROAD,WALTHAM,MA,2451,2
438,PARTNERS KITCHEN,399 REVOLUTION DRIVE,SOMERVILLE,MA,2145,3
439,SOUTHSIDE CAFE AT WASHINGTON STATE UNIVERSITY,1395 SE STADIUM WAY,PULLMAN,WA,99164,1
440,NORTHSIDE CAFE AT WASHINGTON STATE UNIVERSITY,1580 NE COUGAR WAY,PULLMAN,WA,99164,1
441,HILLSIDE CAFE AT WASHINGTON STATE UNIVERSITY,725 NE THATUNA ST.,PULLMAN,WA,99164,1
442,THE MORTON ARBORETUM GINGKO RESTAURANT,4100 ILLINOIS ROUTE 53,LISLE,IL,60532,2
443,CLASS OF 1953 COMMONS AT DARTMOUTH COLLEGE,6 MASS ROW,HANOVER,NH,3755,3
444,COLLIS CAFE AT DARTMOUTH COLLEGE,2 NORTH MAIN ST.,HANOVER,NH,3755,1
445,COURTYARD CAFE AT DARTMOUTH COLLEGE,2 EAST WHEELOCK ST.,HANOVER,NH,3755,2
446,NOVACK CAFE AT DARTMOUTH COLLEGE,25 NORTH MAIN ST.,HANOVER,NH,3755,1
447,DINING SERVICES FOOD TRUCK AT DARTMOUTH COLLEGE,2 EAST WHEELOCK ST.,HANOVER,NH,3755,1
448,ENGRAINED CAFE AT ARIZONA STATE UNIVERSITY,1290 S. NORMAL AVENUE #138,TEMPE,AZ,85281,1
449,BROWN DINING HALL AT UNC ASHEVILLE,"1 UNIVERSITY HEIGHTS, CPO 1300",ASHEVILLE,NC,28804,3
450,TOSS AT KENNEDY UNION AT UNIVERSITY OF DAYTON,300 COLLEGE PARK DRIVE,DAYTON,OH,45469,3
451,MARYCREST AT UNIVERSITY OF DAYTON,300 COLLEGE PARK DRIVE,DAYTON,OH,45469,3
452,THE GRAINARY AT UNIVERSITY OF DAYTON,300 COLLEGE PARK DRIVE,DAYTON,OH,45469,3
453,THE EMPORIUM AT UNIVERSITY OF DAYTON,300 COLLEGE PARK DRIVE,DAYTON,OH,45469,3
454,BROWN STREET BISTRO AT UNIVERSITY OF DAYTON,1529 BROWN STREET,DAYTON,OH,45469,2
455,CATERING/RIVERVIEW CAFE AT UNIVERSITY OF DAYTON,300 COLLEGE PARK DRIVE,DAYTON,OH,45469,2
456,EL TOVAR DINING ROOM,1 EL TOVAR ROAD,GRAND CANYON,AZ,86023,3
457,BLU RESTAURANT AT ADMIRALS COVE,200 ADMIRALS COVE BLVD,JUPITER,FL,33477,1
458,GOLF VILLAGE BISTRO RESTAURANT AT ADMIRALS COVE,200 ADMIRALS COVE BLVD,JUPITER,FL,33477,1
459,MARINA CAFE RESTAURANT AT ADMIRALS COVE,200 ADMIRALS COVE BLVD,JUPITER,FL,33477,1
460,BANQUETS & CATERING AT ADMIRALS COVE,200 ADMIRALS COVE BLVD,JUPITER,FL,33477,1
461,THE CHATTOOGA CLUB,1 PAVILION WAY,CASHIERS,NC,28717,1
462,YELLOWSTONE NATIONAL PARK,1 OLD FAITHFUL ROAD,YELLOWSTONE NATIONAL PARK,WY,82190,1
463,UVA - FRESH FOOD COMPANY,180 MCCORMICK ROAD,CHARLOETTESVILLE,VA,22094,3
464,CHAO CENTER AT HARVARD BUSINESS SCHOOL,SOLDIERS FIELD,BOSTON,MA,2163,4
465,DUCHESNE ACADEMY OF THE SACRED HEART,10202 MEMORIAL DRIVE,HOUSTON,TX,77478,1
466,HARVARD SWING DORM & KITCHEN,1201 MASSACHUSETTS AVENUE,CAMBRIDGE,MA,2139,3
467,AROOGA'S ROUTE 22 NP,1250 ROUTE 22 EAST,NORTH PLAINFIELD,NJ,7060,1
468,GENTLE HARVEST,8372 WEST MAIN STREET,MARSHALL,VA,20115,4
469,JIMMY'S FAMOUS AMERICAN TAVERN SANTA MONICA,1733 OCEAN AVENUE,SANTA MONICA,CA,90401,1
470,FOUNDING FARMERS KING OF PRUSSIA,255 MAIN STREET,KING OF PRUSSIA,PA,19406,3
471,FOUNDING FARMERS RESTON,1904 METRO DRIVE PLAZA,RESTON,VA,20194,3
472,POLY PREP COUNTRY DAY SCHOOL,9216 SEVENTH AVENUE,BROOKLYN,NY,11228,1
473,BEAR REPUBLIC BREWING COMPANY,345 HEALDSBURG AVENUE,HEALDSBURG,CA,95448,1
474,MCDONALD'S AT RIVER ROAD,5214 RIVER ROAD,BETHESDA,MD,20816,1
475,GRANT GENERAL STORE FOUNTAIN AT YELLOWSTONE NATIONAL PARK,2 GRANT VILLAGE ROAD,YELLOWSTONE NATIONAL PARK,WY,82190,1
476,FISHING BRIDGE GENERAL STORE FOUNTAIN AT YELLOWSTONE NATIONAL PARK,1 EAST ENTRANCE ROAD,YELLOWSTONE NATIONAL PARK,WY,82190,1
477,CANYON GENERAL STORE FOUNTAIN AT YELLOWSTONE NATIONAL PARK,2 CANYON VILLAGE ROAD,YELLOWSTONE NATIONAL PARK,WY,82190,2
478,BRUIN CAFE AT UCLA,350 DE NEV DRIVE,LOS ANGELES,CA,90095,3
479,CENTRAL DINER,,,,,1
480,DUNKIN' ARRIVALS,,,,,1
481,TIGIN IRISH PUB,,,,,1
482,PEET'S A,,,,,1
483,CANAL STREET,,,,,1
484,DUNKIN'/JETBOX FC,,,,,1
485,CAVIAR HOUSE,,,,,1
486,FLATIRON COFFEE,,,,,1
487,CAMDEN FOOD CO.,,,,,1
488,LE GRAND COMPTOIR,,,,,1
489,FIVE BOROUGH FOOD HALL-MANGO TACO TRUCK,,,,,1
490,PALM,,,,,1
491,DUNKIN'/JETBOX B20,,,,,1
492,SHAKE SHACK B23,,,,,1
493,MCDONALD'S,,,,,1
494,JETBOX B23,,,,,1
495,BENTO SUSHI,,,,,1
496,PEET'S B26,,,,,1
497,BUFFALO WILD WINGS,,,,,1
498,JAMBA JUICE,,,,,1
499,PIZZA VINO,,,,,1
500,UPTOWN BRASSERIE,,,,,1
501,CAKE TIN,,,,,1
502,LA BREA,,,,,1
503,SHAKE SHACK B37,,,,,1
504,BLUE SMOKE,,,,,1
505,CAMDEN EXPRESS,,,,,1
506,URBAN CRAVE,,,,,1
507,FIVE BOROUGH FOOD HALL-CANAL STREET NOODLE HOUSE,,,,,1
508,FIVE BOROUGH FOOD HALL-GLOBAL SANDWICH,,,,,1
509,FIVE BOROUGH FOOD HALL-DROMOS,,,,,1
510,FIVE BOROUGH FOOD HALL-APOTHECARY BAR,,,,,1
511,STARBUCKS STUDENT UNION - SAN DIEGO STATE UNIVERSITY,AZTEC SHOPS,SAN DIEGO,CA,92182,2
512,HEALTHY LIVING CAFE,1500 NW 136TH STREET,SUNRISE,FL,33323,2
513,KINDLEVAN CAFE AT TUFTS UNIVERSITY,200 COLLEGE AVENUE,MEDFORD,MA,,3
515,SUNY PURCHASE STARBUCKS,735 ANDERSON HILL ROAD,PURCHASE,NY,10577,1
516,AROOGA'S ROUTE 1,228 WASHINGTON STREET,ATTLEBORO,MA,2703,1
517,THE PEAKS,64740 WUKSACHI WAY,SEQUOIA NATIONAL PARK,CA,93262,3
518,GRANT GROVE RESTAURANT,86728 HIGHWAY 180,KINGS CANYON NATIONAL PARK,CA,93633,3
519,BELLAGREEN VINTAGE,"10111 LOUETTA ROAD, SUITE 500",HOUSTON,TX,77070,3
520,GRANDVIEW YARD CAFE,1000 YARD STREET,GRANDVIEW HEIGHTS,OH,43212,3
521,THE COMMONS AT GUTMAN LIBRARY,6 APPIAN WAY,CAMBRIDGE,MA,2138,3
522,OUT OF DOOR ACADEMY,5950 DEER DRIVE,SARASOTA,FL,34240,1
523,M OSTERIA,611 MONROE STREET,TOLEDO,OH,43604,1
524,MOODY TOWERS DINING COMMONS AT UNIVERSITY OF HOUSTON,4401 COUGAR VILLAGE DRIVE,HOUSTON,TX,77204,1
525,COUGAR WOODS DINING COMMONS AT UNIVERSITY OF HOUSTON,4277 WHEELER AVENUE,HOUSTON,TX,77004,1
526,REYNOLDS CROSSROADS CAFE,231 FOREST STREET,BABSON PARK,MA,2457,2
527,RAIDER'S CAFE,21 SUTTON LANE,PISCATAWAY,NJ,8854,1
528,HARVARD LAW SCHOOL CAFES,1563 MASSACHUSETTS AVENUE,CAMBRIDGE,MA,2138,3
529,KONDITOREI BAKERY & CAFE AT SUN VALLEY RESORT,1 SUN VALLEY ROAD,SUN VALLEY,ID,83353,3
530,STARBUCKS AT PRICE CENTER AT UCSD,9500 GILMAN DRIVE,LA JOLLA,CA,92093,1
531,SEAQUAKE BREWING,400 FRONT STREET,CRESCENT CITY,CA,95531,1
532,BARCADE ST. MARK'S,6 ST. MARKS PLACE,NEW YORK,NY,10003,3
533,CAFELEVEN AT UNITEDHEALTH GROUP,11000 OPTUM CIRCLE,EDEN PRAIRIE,MN,55344,3
534,DUB'S CAFE,601 S. COLLEGE ROAD,WILMINGTON,NC,28405,3
535,AROOGA'S ROUTE 18,"1031 ROUTE 18, UNIT 1",EAST BRUNSWICK,NJ,8816,1
536,SHALLCROSS HALL DINING AREA,1101 CITY AVENUE,WYNNEWOOD,PA,19096,3
537,VILLAGE CORNER CALIFORNIA BISTRO,CORNER OF 6TH & DOLORES STREET,CARMEL-BY-THE-SEA,CA,93921,2
538,AROOGA'S ROUTE 463-WINTER PARK,227 SOUTH SEMORAN BOULEVARD,WINTER PARK,FL,32722,1
539,ANNA'S FIRE,2234 EAST GRAND AVENUE,LINDENHURST,IL,60046,1
540,BEANS & BAGELS,2601 W LELAND AVE,CHICAGO,IL,60625,3
541,AROOGA'S ROUTE 100 ALLENTOWN,327 STAR ROAD,ALLENTOWN,PA,18106,1
542,EGNER LODGE AT THE PRINCETON-BLAIRSTOWN CENTER,158 MILLBROOK ROAD,BLAIRSTOWN,NJ,7825,3
543,THE WORKS CAFE-KNH,120 MAIN STREET,KEENE,NH,3431,3
544,SADDLE RIVER CAFE,171 EAST SADDLE RIVER ROAD,SADDLE RIVER,NJ,7458,1
545,LENOIR DINING,LENOIR HALL,UNIVERSITY,MS,38677,1
546,ONE STATE STREET CAFE,ONE STATE STREET,HARTFORD,CT,6103,3
547,SHIPLEY COMMONS DINING,814 YARROW STREET,BRYN MAWR,PA,19010,3
548,COMCAST CENTER-RALPH'S CAFE ON 43 & 44,1701 JFK BOULEVARD,PHILADELPHIA,NY,10573,2
549,COMCAST CENTER-THE ATRIUM CAFE,1701 JFK BOULEVARD,PHILADELPHIA,PA,19103,1
550,COMCAST CENTER-THE COFFEE BAR ON 43,1701 JFK BOULEVARD,PHILADELPHIA,PA,19103,2
551,COMCAST CENTER CATERING,1701 JFK BOULEVARD,PHILADELPHIA,PA,19103,1
552,LODGEPOLE CAFE,64740 WUKSACHI WAY,SEQUOIA NATIONAL PARK,CA,93262,1
553,AEDR,18850 NORTH 56TH STREET,PHOENIX,AZ,85054,1
554,BARCADE NEW YORK,148 WEST 24TH STREET,NEW YORK,NY,10001,3
555,HEALTHY LIVING CAFE AT AMERICAN EXPRESS TORONTO,"2225 SHEPERD AVENUE, EAST","NORTH YORK, ONTARIO",CANADA,M2J 5C2,1
556,JUICE GENERATION ASTOR PLACE,4 ASTOR PLACE,NEW YORK,NY,,1
557,AROOGA'S SHELTON,405 BRIDGEPORT AVENUE,SHELTON,CT,,1
558,THE PURPLE PIG,500 NORTH MICHIGAN AVENUE,CHICAGO,IL,60611,1
559,WING TIPS LOUNGE,JFK INTERNATIONAL AIRPORT,JAMAICA,NY,11430,1
560,ARIZONA ROOM RESTAURANT,10 ALBRIGHT STREET,GRAND CANYON,AZ,86023,3
561,YAVAPAI LODGE RESTAURANT,11 YAVAPAI ROAD,GRAND CANYON,AZ,86023,3
562,YAVAPAI LODGE TAVERN,11 YAVAPAI ROAD,GRAND CANYON,AZ,86023,3
563,CANYON VILLAGE MARKET DELI,"1 MATHER BUSINESS CENTER, P.O. BOX 159",GRAND CANYON,AZ,86023,3
564,DESERT VIEW DELI,915 DESERT VIEW ROAD,GRAND CANYON,AZ,86023,1
565,DESERT VIEW COFFEE AND ICE CREAM,909 DESERT VIEW ROAD,GRAND CANYON,AZ,86023,1
566,SAM'S CAFE,12100 SAMSUNG BLVD,AUSTIN,TX,78754,1
567,CAFE 300,12100 SAMSUNG BLVD,AUSTIN,TX,78754,1
568,TRC-N CAFE,19640 N. 31ST AVE,PHOENIX,AZ,85027,1
569,NORTH DINING HALL,213 SOUTH DINING HALL,NOTRE DAME,IN,46556,2
570,19515-THE 459 COMMONS,THE 459 COMMONS,BATON ROUGE,LA,70803,3
571,CYPRESS CAFE,6200 HERMANN PARK DRIVE,HOUSTON,TX,77030,2
572,VISITOR'S CENTER GARDEN CAFE,5105 KENNETT PIKE,WILMINGTON,DE,19735,1
573,BURTON DINING HALL,1501 LAKESIDE DRIVE,LYNCHBURG,VA,24501,1
574,1ST AVENUE COFFEE,1011 WEST 1ST AVENUE,SPOKANE,WA,99201,1
575,NORTH END RETAIL,3399 NORTH ROAD,POUGHKEEPSIE,NY,12601,2
576,PETER GZOWSKI COLLEGE,255 EAST BANK DRIVE,"PETERBOROUGH, ONTARIO",,K9L 1Z8,1
577,BARCADE JERSEY CITY,163 NEWARK AVENUE,JERSEY CITY,NJ,7302,3
578,BARCADE NEWARK,494 BROAD STREET,NEWARK,NJ,7102,2
579,AROOGA'S ROCKVILLE CENTER,47 NORTH VILLAGE AVENUE,ROCKVILLE CENTER,NY,11570,1
580,PUBLIC GREENS BROAD RIPPLE,902 EAST 64TH STREET,INDIANAPOLIS,IN,46220,1
581,RAVEN CAFE,142 NORTH CORTEZ STREET,PRESCOTT,AZ,86301,3
582,WOK THIS WAY FOOD TRUCK,220 SOUTH PINEVIEW PLACE,CHANDLER,AZ,85226,1
583,SEASONAL CATERING,500 BIC DRIVE,MILFORD,CT,6460,1
584,OSPREY CAFE,1 UNF DRIVE,JACKSONVILLE,FL,32224,3
585,SOVI DINING HALL,9201 UNIVERSITY CITY BOULEVARD,CHARLOTTE,NC,28223,3
586,CROWN COMMONS,9201 UNIVERSITY CITY BOULEVARD,CHARLOTTE,NC,28223,3
587,THE RIVER CAFE,3500 SUNRISE HWY - STE 100,GREAT RIVER,NY,11739-,1
588,CAFE 1919,330 DE NEV DRIVE,LOS ANGELES,CA,90095,1
589,THE STUDY AT HEDRICK AT UCLA,250 DE NEV DRIVE,LOS ANGELES,CA,90095,3
590,MCEWEN DINING HALL,101 WILLIAMSON AVENUE,ELON,NC,27244,1
591,ETATS-UNIS BISTRO,DOLORES STREET BETWEEN 5TH + 6TH AVE,CARMEL,CA,93921,1
592,HAVERFORD COLLEGE DINING CENTER,370 LANCASTER AVENUE,HAVERFORD,PA,19041,1
593,50 BURGER,445 EAST HIGHWAY 50,SALIDA,CO,81201,3
594,KASBAH LOUNGE,2115 J STREET,SACRAMENTO,CA,95816,1
595,DINING COMMONS,50 COLLEGE STREET,SOUTH HADLEY,MA,1075,1
596,GRAB 'N GO,50 COLLEGE STREET,SOUTH HADLEY,MA,1075,1
597,COCHARY PUB & KITCHEN,50 COLLEGE STREET,SOUTH HADLEY,MA,1075,1
598,WILLITS-HALLOWELL CONFERENCE CENTER,26 PARK STREET,SOUTH HADLEY,MA,1075,1
599,ENGRAINED DOWNTOWN AT ARIZONA STATE UNIVERSITY,550 N. 3RD STREET #110,PHOENIX,AZ,85281,1
600,LADY EATON COLLEGE DINING HALL,1600 WEST BANK DRIVE,"PETERBOROUGH, ONTARIO",,K9L 0G2,1
601,THE SCHOOL IN ROSE VALLEY DINING,20 SCHOOL LANE,ROSE VALLEY,PA,19063,1
602,THE LIBRARY CAFE,3054 DIVARTY ST,SEASIDE,CA,93955,1
