business_id,cool,date,funny,review_id,stars,text,useful,user_id
ujmEBvifdJM6h6RLv4wQIg,0,2013-05-07 04:34:36,1,Q1sbwvVQXV2734tPgoKj4Q,1.0,one,6,hG7b0MtEbXx5QzbzE6C_VA
ujmEBvifdJM6h6RLv4wQIg,0,2013-05-07 04:34:36,1,Q1sbwvVQXV2734tPgoKj4Q,1.0,two,6,hG7b0MtEbXx5QzbzE6C_VA
ujmEBvifdJM6h6RLv4wQIg,0,2013-05-07 04:34:36,1,Q1sbwvVQXV2734tPgoKj4Q,1.0,three,6,hG7b0MtEbXx5QzbzE6C_VA
NZnhc2sEQy3RmzKTZnqtwQ,0,2017-01-14 21:30:33,0,GJXCdrto3ASJOqKeVWPi6Q,5.0,"I *adore* Travis at the Hard Rock's new Kelly Cardenas Salon!  I'm always a fan of a great blowout and no stranger to the chains that offer this service; however, Travis has taken the flawless blowout to a whole new level!

Travis's greets you with his perfectly green swoosh in his otherwise perfectly styled black hair and a Vegas-worthy rockstar outfit.  Next comes the most relaxing and incredible shampoo -- where you get a full head message that could cure even the very worst migraine in minutes --- and the scented shampoo room.  Travis has freakishly strong fingers (in a good way) and use the perfect amount of pressure.  That was superb!  Then starts the glorious blowout... where not one, not two, but THREE people were involved in doing the best round-brush action my hair has ever seen.  The team of stylists clearly gets along extremely well, as it's evident from the way they talk to and help one another that it's really genuine and not some corporate requirement.  It was so much fun to be there! 

Next Travis started with the flat iron.  The way he flipped his wrist to get volume all around without over-doing it and making me look like a Texas pagent girl was admirable.  It's also worth noting that he didn't fry my hair -- something that I've had happen before with less skilled stylists.  At the end of the blowout & style my hair was perfectly bouncey and looked terrific.  The only thing better?  That this awesome blowout lasted for days! 

Travis, I will see you every single time I'm out in Vegas.  You make me feel beauuuutiful!",0,yXQM5uF2jS6es16SJzNHfg
WTqjgwHlXbSFevF32_DJVw,0,2016-11-09 20:09:03,0,2TzJjDVDEuAW6MR5Vuc1ug,5.0,"I have to say that this office really has it together, they are so organized and friendly!  Dr. J. Phillipp is a great dentist, very friendly and professional.  The dental assistants that helped in my procedure were amazing, Jewel and Bailey helped me to feel comfortable!  I don't have dental insurance, but they have this insurance through their office you can purchase for $80 something a year and this gave me 25% off all of my dental work, plus they helped me get signed up for care credit which I knew nothing about before this visit!  I highly recommend this office for the nice synergy the whole office has!",3,n6-Gk65cPZL6Uz8qRm3NYw
ikCg8xy5JIg_NGPx-MSIDA,0,2018-01-09 20:56:38,0,yi0R0Ugj_xUx_Nek0-_Qig,5.0,"Went in for a lunch. Steak sandwich was delicious, and the Caesar salad had an absolutely delicious dressing, with a perfect amount of dressing, and distributed perfectly across each leaf. I know I'm going on about the salad ... But it was perfect.

Drink prices were pretty good.

The Server, Dawn, was friendly and accommodating. Very happy with her.

In summation, a great pub experience. Would go again!",0,dacAIZ6fTM6mqwW5uxkskg
b1b1eb3uo-w561D0ZfCEiQ,0,2018-01-30 23:07:38,0,11a8sVPMUFtaC7_ABRkmtw,1.0,"Today was my second out of three sessions I had paid for. Although my first session went well, I could tell Meredith had a particular enjoyment for her male clients over her female. However, I returned because she did my teeth fine and I was pleased with the results. When I went in today, I was in the whitening room with three other gentlemen. My appointment started out well, although, being a person who is in the service industry, I always attend to my female clientele first when a couple arrives. Unbothered by those signs, I waited my turn. She checked on me once after my original 30 minute timer to ask if I was ok. She attended my boyfriend on numerous occasions, as well as the other men, and would exit the room without even asking me or looking to see if I had any irritation. Half way through, another woman had showed up who she was explaining the deals to in the lobby. While she admits timers must be reset half way through the process, she reset my boyfriends, left, rest the gentleman furthest away from me who had time to come in, redeem his deal, get set, and gave his timer done, before me, then left, and at this point my time was at 10 minutes. So, she should have reset it 5 minutes ago, according to her. While I sat there patiently this whole time with major pain in my gums, i watched the time until the lamp shut off. Not only had she reset two others, explained deals to other guest, but she never once checked on my time. When my light turned off, I released the stance of my mouth to a more relaxed state, assuming I was only getting a thirty minute session instead of the usual 45, because she had yet to come in. At this point, the teeth formula was not only burning the gum she neglected for 25 minutes now, but it began to burn my lips. I began squealing and slapping my chair trying to get her attention from the other room in a panic. I was in so much pain, that by the time she entered the room I was already out of my chair. She finally then acknowledged me, and asked if she could put vitamin E on my gum burn (pictured below). At this point, she has treated two other gums burns, while neglecting me, and I was so irritated that I had to suffer, all I wanted was to leave. While I waited for my boyfriend, she kept harassing me about the issue. Saying, ""well burns come with teeth whitening."" While I totally agree, and under justifiable circumstances would not be as irritate, it could have easily been avoid if she had checked on me even a second time, so I could let her know. Not only did she never check on my physical health, she couldn't even take two seconds to reset the timer, which she even admitted to me. Her accuse was that she was coming in to do it, but I had the light off for a solid two minutes before I couldn't stand the pain. She admitted it should be reset every 15 minutes, which means for 25 minutes she did not bother to help me at all. Her guest in the lobby then proceeded to attack me as well, simply because I wanted to leave after the way I was treated. I also expected a refund for not getting a complete session today, due to the neglect, and the fact I won't be returning for my last, she had failed to do that. She was even screaming from the door, and continued to until my boyfriend and I were down the steps. I have never in my life been more appalled by a grown woman's behavior, who claims to be in the business for ""10 years."" Admit your wrongs, but don't make your guest feel unwelcome because you can't do you job properly.",7,ssoyf2_x0EQMed6fgHeMyQ
eU_713ec6fTGNO4BegRaww,0,2013-01-20 13:25:59,0,fdiNeiN_hoCxCMy2wTRW9g,4.0,"one",0,w31MKYsNFMrjhWxxAb5wIw
eU_713ec6fTGNO4BegRaww,0,2013-01-20 13:25:59,0,fdiNeiN_hoCxCMy2wTRW9g,4.0,"two",0,w31MKYsNFMrjhWxxAb5wIw
eU_713ec6fTGNO4BegRaww,0,2013-01-20 13:25:59,0,fdiNeiN_hoCxCMy2wTRW9g,4.0,"three",0,w31MKYsNFMrjhWxxAb5wIw
eU_713ec6fTGNO4BegRaww,0,2013-01-20 13:25:59,0,fdiNeiN_hoCxCMy2wTRW9g,4.0,"four",0,w31MKYsNFMrjhWxxAb5wIw
3fw2X5bZYeW9xCz_zGhOHg,5,2016-05-07 01:21:02,4,G7XHMxG0bx9oBJNECG4IFg,3.0,"Tracy dessert had a big name in Hong Kong and the one in First Markham place has been here for many years now!

Came in for some Chinese dessert, and I must say their selection has increased tremendously over the years. I might as well add that the price has also increased tremendously as well. The waitress gave us tea, which I could taste had red date in it. Fancy!

A simple taro with coconut with tapioca pearls was like $5.25 or something. Basically all the desserts were more than $5. That's crazy! I can literally just make this dessert at home and for a bowl, it would probably cost like $0.50. A few years ago, I think I can still get it for like $3-$4, which is more reasonable, but wow, more than $5 is a little over the top for this dessert. Though I must say, it is Tracy Dessert, and they are a little more on the expensive side. 

I also saw other items on the menu like fish balls, chicken wings, shaved ice. My friend got a mango drink with fresh mango in it! 

I'm also surprised how many people come to Tracy Dessert after work. We came on a Sunday and the tables were always filled. I think the amount of tables they had were just perfect because no one really waited for seats for a long time, but the tables kept filling up once a table was finished.",5,jlu4CztcSxrKx56ba1a5AQ
zvO-PJCpNk4fgAVUnExYAA,1,2010-10-05 19:12:35,1,8e9HxxLjjqc9ez5ezzN7iQ,1.0,"This place has gone down hill.  Clearly they have cut back on staff and food quality

Many of the reviews were written before the menu changed.  I've been going for years and the food quality has gone down hill.

The service is slow & my salad, which was $15, was as bad as it gets.

It's just not worth spending the money on this place when there are so many other options.",3,d6xvYpyzcfbF_AZ8vMB7QA
b2jN2mm9Wf3RcrZCgfo1cg,0,2015-01-18 14:04:18,0,qrffudO73zsslZbe8B9D3Q,2.0,"I was really looking forward to visiting after having some of their beers. The ""Man O'War"" quickly became my favorite DIPA; the Rusulka Vanilla Stout is a good thick, sweet stout; and the Ironclad is a top notch IPA. 
The only big miss on their beers I've had is the Big Chuck Barleywine. It could probably benefit greatly with age, but at this age all there is to taste is the alcohol.  
Nonetheless, I had enough to convince me that the other beers I hadn't had from them would be top notch... and they are! 
The reason for the 2 stars should not reflect the quality of the brewers, they obviously know their craft well! 
The servers are great and friendly.... but relying on two servers to wait on 100+ customers says a lot about how inexperienced management must be. In fact, after waiting 15 mins at a dirty table I was finally able to track down someone I guessed was an employee to let them know we were even there! 
After another 5+ mins, the GM finally stopped over to take our drink order. The smugness of this guy was amazing. The thought of offering a simple apology never seemed to enter into his head. 
This is the time a server finally stopped by to pick up the non-final check left by the party before us... who didn't seem very pleased when leaving. 
The toast & cheese was good, but by the time we were able to dig into their heartiest offering of food, saltines and butter may have been equally pleasing.",1,sG_h0dIzTKWa3Q6fmb4u-g
oxwGyA17NL6c5t1Etg5WgQ,1,2012-02-29 21:52:43,0,RS_GTIT6836bCaPy637kNQ,3.0,It's a giant Best Buy with 66 registers.  I don't get it.  What's the big deal about this place??,1,nMeCE5-xsdleyxYuNZ_7rA
8mIrX_LrOnAqWsB5JrOojQ,0,2011-11-30 02:11:15,0,kbtscdyz6lvrtGjD1quQTg,4.0,"Like walking back in time, every Saturday morning my sister and I was in a bowling league and after we were done, we'd spend a few quarters playing the pin ball machines until our mother came to pick us up.

My sister was daring and play the machines hard, she was afraid of that ""tilt"" showing up and freezing the game.  I, on the other hand was a bit more gentler and wanted to make sure I got my quarter's worth.

This place has rows and rows of machines, some are really old and some are more of a mid 80's theme.  There is even a Ms pac man!  It was fun to spend an afternoon playing the machines and remembering all the fun of my early teen years.",0,FIk4lQQu1eTe2EpzQ4xhBA
mRUVMJkUGxrByzMQ2MuOpA,0,2017-12-15 23:27:08,1,-I5umRTkhw15RqpKMl_o1Q,1.0,"Walked in around 4 on a Friday afternoon, we sat at a table just off the bar and walked out after 5 min or so. Don't even think they realized we walked in. However everyone at the bar noticed we walked in!!! Service was non existent at best. Not a good way for a new business to start out. Oh well, the location they are at has been about 5 different things over the past several years, so they will just be added to the list. SMDH!!!",0,-mA3-1mN4JIEkqOtdbNXCQ
FxLfqxdYPA6Z85PFKaqLrg,0,2016-05-07 01:36:53,0,Z7wgXp98wYB57QdRY3HQ3w,4.0,"Wow. So surprised at the one and two star reviews!  We started with the most tender calamari. Although the marinara sauce was a bit bland, but a touch of salt made it just right. My husband had the veal with peppers and said it was so delicious and tender. The mashed potatoes were perfect. I had the salmon Diablo which was also delicious. Our salad was beautiful! Dressing was served on the salad and it was a nice amount. We ended our delicious meal with a piece of tiramisu. Our server Matt was right on!! Very pleasant and knowledgeable about the menu. Our appetizer, salad and entrees were timed perfectly. I love salad and did not mind that my entree was served while I was still eating it! No problem it let my dinner cool to just the right temp for me to eat it comfortably. 
I wonder sometimes if people just don't appreciate relaxing and taking time to eat a wonderful and beautifully prepared meal.  A wonderful atmosphere. So relaxing. The chairs are super comfortable too!!! We will certainly be back. 
Give it a try.  Don't  always go by the reviews. 
A bottle of Riesling, calamari app, two delicious entrees and dessert for $92! 
Well with it.",0,GYNnVehQeXjty0xH7-6Fhw
LUN6swQYa4xJKaM_UEUOEw,0,2018-04-27 20:25:26,0,qlXw1JQ0UodW7qrmVgwCXw,4.0,Michael from Red Carpet VIP is amazing ! I reached out because I needed help planning my soon to be sister in law's bachelorette. It was a group of 10 girls so I was a little overwhelmed but Michael saved the day! Everything was super smooth and easy! We got good deals and had the best time ever! We booked hotel and a bachelorette package for a great price. I have saved contact info because I will for sure reach out again on next Vegas trip!!!,0,bAhqAPoWaZYcyYi7bs024Q
AakkkTuGZA2KBodKi2_u8A,0,2012-07-16 00:37:14,1,JVcjMhlavKKn3UIt9p9OXA,1.0,"I cannot believe how things have changed in 3 years. I picked up duck congee sometime in the winter when my hubby was sick.  I was very disappointed because the ginger fish sauce tasted like it had gone bad (it should never be bitter).  Today, my hubby wanted to eat there since he was craving the duck congee and most places don't serve the duck & coleslaw side. We waited about 10 minutes to get our menu.  After we placed our orders, we waited another 5 minutes to get the tea that most places bring with the menu.  I could go on with the details but the gist of the story is they were understaffed or the staff was slow.  The worst part of it was that the service.  The servers make us feel bad for asking for anything (like when they took our order).  We had arrived and placed our order before another couple bside us at least 10 minutes ahead but somehow, this couple received their pho before mine.  They were almost done eating their pho before mine came out.",1,TpyOT5E16YASd7EWjLQlrw
YvrylyuWgbP90RgMqZQVnQ,0,2017-04-07 21:27:49,0,svK3nBU7Rk8VfGorlrN52A,5.0,"You can't really find anything wrong with this place, the pastas and pizzas are both amazing and high quality, the price is very reasonable, the owner and the staff are very friendly, if you're in downtown check this place out, a lot of people think just because it's downtown there are lots of options around but that's not always the case as there is also a lot of poor quality food in downtown as well.",0,NJlxGtouq06hhC7sS2ECYw
NyLYY8q1-H3hfsTwuwLPCg,0,2015-01-03 22:47:34,0,1wVA2-vQIuW_ClmXkDxqMQ,4.0,Great lunch today. Staff was very helpful in assisting with selections and knowledgeable on the ingredients. We enjoyed the BBQ chicken with tika masala sauce and really good naan bread. The biryani with chicken was also yummy! Fun to see the food being prepared in the tandoori ovens. Great addition to the fast casual scene in Cleveland.,0,86J5DwcFk4f4In1Vxe2TvA
cHdJXLlKNWixBXpDwEGb_A,1,2015-04-01 16:30:00,7,6BnQwlxRn7ZuWdzninM9sQ,3.0,"I love chinese food and I love mexican food. What can go wrong? A couple of things. First things first, this place is more of a ""rice bowl"" kind of place. I thought it was going to be more diverse as far as the menu goes, but its mainly rice bowls you get with different kinds of meats. The ordering was a little confusing at first, but one of the employees helped us out and I got the 2-item bowl and got the jade chicken and hengrenade chicken with all rice(jerk). I also ordered a jade chicken quesadilla on the side.

I'm gonna admit, this place looks kinda dirty. I don't think Arizona uses those health department letter grade system like California does, but if I were to just judge by how it looked inside, i'd give it a ""C"" grade lol. We waited for about 15 minutes or so and finally got our food. We took it to go and ate at our hotel room. 

Mmmm... the food was just alright. The jade chicken was nothing special. It tasted like any generic chinese fast food orange chicken/sesame chicken variant. The hengrenade chicken, although was the less spicier version of the jerk chicken, was still pretty spicy for me. Just be warned the jerk chicken is super spicy. If you aren't sure, ask for a sample at the restaurant before ordering, but it was way too spicy for me. 

The jade chicken quesadilla was decent, but nothing special. Just imagine orange chicken in between a tortilla and cheese. A friend of mine ordered a jade chicken burrito and we were confused when we pulled it out of the bag because it was literally the size of Mcdonald's apple pie. If you order the burrito, be warned that it's a burrito for gnomes and smurfs, but he said it was tasty. 

They provide a snicker doodle sugar cookie for each meal and it was decent, again nothing special. 

Not gonna lie, the next day my stomach felt like a little mexican dude and chinese dude were wrestling and throwing molotov cocktails inside. I used the bathroom like 5 times. I don't recommend eating this place if you have a lot to do the next day.",1,JSrP-dUmLlwZiI7Dp3PQ2A
6lj2BJ4tJeu7db5asGHQ4w,0,2017-05-26 01:23:19,0,rEITo90tpyKmEfNDp3Ou3A,5.0,"We've been a huge Slim's fan since they opened one up in Texas about two years ago when we used to live there. This place never disappoints. They even have great salads and grilled chicken. Plus they have fresh brewed sweet tea, it's the best!",0,6Fz_nus_OG4gar721OKgZA
y-Iw6dZflNix4BdwIyTNGA,0,2014-06-27 21:19:23,0,4bUyL7lzoWzDZaJETAKREg,3.0,"Good selection of classes of beers and mains. I've been here twice.

First time I had the fried chicken. It was delicious, but be warned, extremely salty. I couldn't even finish the last piece of chicken after experiencing a salt overload.

Second time we came on a wednesday. We didn't know it was BBQ night, where they have a completely different menu, and don't offer anything from their original vegetarian-friendly menu. This menu has one vegetarian-friendly option - an eggplant sandwich. The vegetarian in my party said it was awful. Also, on BBQ night you choose 2 sides. Except they were out of all their sides except 2 - fries and potato salad. I can't say I was thrilled to have carb heavy sides with my carb heavy main. How do you run out of sides so early in the evening?

Service not so great.

I'd avoid coming here on wednesdays.",0,_N7Ndn29bpll_961oPeEfw
qx6WhZ42eDKmBchZDax4dQ,0,2017-03-27 01:14:37,0,Amo5gZBvCuPc_tZNpHwtsA,5.0,"Our family LOVES the food here. Quick, friendly, delicious, and a great restaurant to take kids to. 5 stars!",1,DzZ7piLBF-WsJxqosfJgtA
Mem13A3C202RzT53npn4NA,9,2017-05-13 10:41:43,6,IPw8yWiyqnfBzzWmypUHgg,5.0,"If you are looking for the best pierogies in Pittsburgh, this is your place. There are a few small tables outside but most of the business is carry out. Pierogies Plus wins Best Pierogies every year. Why? Because the owner is from Poland and she is making the real deal pierogies. The best part is that they are hand pinched by a group of older Polish and Hungarian women. 
The biggest seller is potato and cheese but they sell many flavors. They are like plump pillows of softness. You can buy them buy the dozen. You can get them cold to take home and freeze or warm and ready to eat. The warm ones are served with butter and onions.  It's definitely a comfort food. The best part is that they ship internationally. Yes, they are that good.",9,5JVY32_bmTBfIGpCCsnAfw
I4Nr-MVc26qWr08-S3Q1ow,0,2016-01-17 05:26:22,0,IByf6mVY0WA838XNSh-5MA,4.0,"The food is always good and the prices are reasonable.  Although it's not exactly a restaurant -- more like a snack bar, limited menu and you walk up to the counter, place your order, wait a minute or so for them to prepare your order, and pay the cashier, then search for a table.  Kind of like a sandwich shop.  Still a much better choice for value than the other hotel Deli's on the strip.",0,3CJUJILq7CLHk_9OrvpvQg
d_L-rfS1vT3JMzgCUGtiow,0,2016-07-25 03:57:19,0,S337tATeouQJdoPYyir29w,5.0,"Pick any meat on the planet and the chef will make a Mexican style dish with amazing flavor! Wow, fish and lamb tacos to die for. Drinks are great as well.",0,2mxBNBeFrgDszqGS5tdEHA
Sfc8Haz2Yri8Mo1L0E0TsA,0,2012-11-06 03:41:43,0,D_UvaenM25iNd6aehTZ0MA,5.0,"Great food, great service. Obviously fried chicken isn't the healthiest food on earth, but once a month I get that craving for good fried chicken. Their chicken is great, doesn't seem too fatty, and their sides are excellent too. A+",0,8NwU4TRsD3S6gIfBqFzDMQ
FQ1wBQb3aNeRMThSQEV0Qg,0,2013-12-07 02:32:45,0,I9HBDyzCqLhTYHCAZIFZQQ,5.0,"PlumbSmart provided superior service from beginning to end.  They were able to repair a badly damaged sewer pipe with only one day's notice.  I was particularly pleased with their attention to care when cleaning up the landscape after the job was completed.  Their competitive pricing and excellent service make them my first stop for all future plumbing needs.  Thank you to Wayne and the whole team!

-Scott B",4,vXZeHaLvdfCPATz5BDavow
hd5xm20tfSa70-6UqD9-bg,1,2014-08-10 22:07:35,1,W1wbNaUnbMy4b9QqY3_SAg,1.0,"Unfortunately, I must recommend not to conduct any business with Fast Fix Jewelry and Watch Repairs.  The staff is completely unprofessional and I have never been treated so rudely in my life.  I was actually shocked and walked away thinking ""wow, how do those people even have a job?""

I have never written a negative review before, I usually chalk it up to someone having a bad day.  I have worked in customer service for 10+ years and I know it is exhausting and bad days happen.  But this is a special occasion.

I drove 30 minutes to try to find someone who could help me repair a watch band.  I was barely greeted upon arrival and right away felt like I was bothering them.  The girl behind the counter obviously just wanted me to leave, the blond kid working snapped at me when I asked a question and when I re-asked in order to clarify what he said he snapped again and said, ""I already told you?!?""  ""Is this even authentic?""  Shouting at me over his shoulder as he work on something else. 

I was shocked and just stood there put my watch away awkwardly and left with no one else saying a word to me.  There are a lot of places that fix Jewelry in this city and I will be taking my business elsewhere and recommend that people reading this review do the same.  Some places, just do not deserve a loyal customer base.",7,vDr8hBNYigiY70fk1kF5iQ
Gyrez6K8f1AyR7dzW9fvAw,1,2013-12-28 22:28:08,0,qm97yMwREr7BKkexlwLFbg,5.0,their pettuccine was fresh-made in the morning. it was very delicate and yummy! the owner and staffs are super kind and delightful. We also had Veal piccata. it was classic! love this restaurant.,0,TTRVdTXKcq-xn6-1IWbwEw
9nTF596jDvBBia2EXXiOOg,0,2014-04-19 15:03:17,0,1daGBpea0sleayFeeXuoYw,1.0,"if i can give this place no stars i would, i only had their hot pot though, so im not a good judge for anything besides their shabu. i must say, quantity was small, price is expensive for the quality and quantity, and the taste of the soup base is bland as if they just put hot water in. the sauce selection is limited and not very fresh/clean from my perspective. i love hot pot and i would never go back again because home made hot pot can be much better than this place without even trying. anyways, if you have a good appetite for hot pot, you can do yourself a favor and skip this place because it can make you miserable!",1,q3GeSW9dWN9r_ocqFkhrvg
SNL64axQhCO6Z7ohcWg3wA,0,2017-02-09 03:43:25,0,DAC4zWY2ZMa1vxpN9RrDvA,1.0,"This review is in regards to our experience watching SuperBowl 51 February 5, 2017 at the WestGate in the theater/auditorium.

Watch the game somewhere else.....

To those unfamiliar with The Big Game experience at WestGate you typically would get in line to watch the Superbowl in the theater portion of the hotel around 8 am on Superbowl Sunday. This line can get extremely long yet the earlier you get in line your choice of seating significantly improves.So...after waiting in line for a few hours we were notified the lower portion of the theater was reserved for paid customers who previously purchased wristbands for $100 (including alcohol and hot dogs) and instead we would be seated in the balcony portion of the theater.No problem, something different, we said. Mistake.

So at 1:30 pm we were sent upstairs to the balcony to take our seats and prepare to watch the big game at 3:30. Once we take our seats one of us ( we're in a group of 8 ) will hold the seats while the rest of us will go out to the casino floor and gamble or go the the sports book and place a couple last minute bets.Please note the patrons that leave the auditorium will receive a hand stamp or wristband to allow reentry to the theater. BUT INSTEAD....

We were told by Westgate staff that no hand stamps or wristbands would be given and we were ON OUR OWN if we choose to leave and we would not be allowed back in. Wow.
That's right, after waiting in line all morning if we wanted to go downstairs to play blackjack, place a bet at the book, or maybe have a bite to eat because no food was made available upstairs we would be out of luck. Nice work Westgate.

So we were seated upstairs...stuck. With no food or soda available for purchase. Only beer and water was sold in the balcony food counter. That was at 1:45 p.m. After vigorously complaining to Westgate staff ( to ushers with yellow jackets and security with black jackets ) at 3:04 pm wristbands were given out. At 3:18 hot dogs and soda were made available for sale in the balcony. I believe this was a direct result of all the upset patrons like myself that were seated in the balcony level.

In summary, for being the biggest sportbook in Las Vegas this place is dysfunction and fails to satisfy the most basic request to provide food and comfort to betting patrons. A total mess. This place sucks. Watch the big game and bet your money some where else. We will.",0,yxyRt-zoh_A6PMThX-h9Vw
dm6sO_Y8JdKTE1ZM955yug,0,2014-12-17 19:04:33,0,0AsmPiAQduxh5jE_si8cLA,5.0,"ended up here because Raku was closed and it received great ratings on Yelp.  I'm so glad I came here.  One of the better meals I've had.  Started off with the mushroom dish and the lettuce wrap.  both were amazing. the lettuce wrap is like having a flavor party in your mouth.  also had the panang duck which was terrific. highly recommend all three dishes. one dish that wasn't so good was the seabass with drunken noodles. overall it was an excellent meal, intimate setting, and great service. definitely will be back.",0,C_hUvw2z0R-Rv0yZb6QCZA
XTzKRvWciP_BZ9imk8mmPQ,0,2014-06-27 21:32:31,1,bjD0Dqn3k-fi00BXatrytg,1.0,"I tried this place because my girls are away for a month, and I REALLY wanted to try to wait until they came back, because NOBODY can hold a candle to them, but my toes were desperate.  When I went in, they were almost twice what I usually pay to begin with.  Then, before starting the pedicure, I specifically told them I already had gel polish on my toes.  They didn't tell me right then and there ""that will be an extra $5'.  No, they waited until it was time to pay, and not only charged me for that, but they charged me all kinds of extra fees that I didn't even ask for!  I had also informed the girl that my toenail was loose and needed gluing.  While I was looking at my phone, all of a sudden I felt this sensation, and she RIPPED OFF MY TOENAIL!!!!  Without even asking me!!!!!!  So then she had another girl come and put acrylic on there since the nail underneath was only 1/2 grown.  Again, they didn't tell me how much this would be, or even ask my permission, they just charged me at the end.  

The added stone 'massage' was barely a massage!  She rubbed the stones up my lower legs a couple times, and that was it.  It lasted about 30 seconds.   And when I asked for a design, I'm used to getting a board with a bunch of designs to choose from.  She didn't even ask me what I wanted, she just painted a few lines on my two toes and then charge me 5 MORE dollars for that! 

Ugh, I don't care HOW ugly my toes look next time, I will NEVER go anywhere else besides Bella Nails again, they ROCK!!!!!!!  This place was appalling.  I didn't want to make a scene, so I just paid the money, but I will NEVER go back!!!!!!!",5,1fi6x4tnJtlVWaJmoIO9XA
CDpoJiqgM04wqQTZ6QkTqQ,0,2015-12-05 02:37:03,0,CelUWzp-GnJIiiV1mDUb-g,1.0,"Love this place downtown but the Scottsdale location has no manners. Sat at bar for 10 min while bartender ignored us. No menu, no water. We walked out and they could have cared less.",0,tFICmdLtwgFIRcwtlbYQOg
3JxKzWquEbPC3yPIfoCiLw,0,2016-03-07 01:03:08,0,hUUfzKeDLo930LA9-v2tWQ,5.0,Best chinese resto. Highly recommended. 5 stars. Let us support this business. Best in the west valley. Trust me you wont gi wrong coming to this place,0,uFVAAe0JC81IPmxgT49Hcw
YSUcHqlKMPHHJ_cTrqtNrA,0,2017-12-29 13:55:19,0,E6B-2U2sGG3xgmnNWZAEew,1.0,"Came here on a Thursday night at 6:30 p.m. My friends and I had a reservation, but it was not needed - the place was almost empty.

SERVICE: Extremely Poor

While I enjoyed the company of my friends, I would not come back to this restaurant, primarily because of the poor service. Once we were all seated, we were not greeted by anyone for over half an hour, and when someone did come by, we asked whether we could place our orders, to which he said he could not; he's doing something else - so we waited at least another 15 minutes before someone came to finally take our orders. 

MAIN: Caprese Salad

The salad was okay - a bit salty for my liking. I personally did not find this dish filling, so I ordered the sweet potato fries as well (See below).

MAIN: Sweet Potato Fries (this was worth it) 

These fries were actually very delicious - crispy on the outside and soft on the inside. If you visit this restaurant, I would recommend this particular dish, especially given the price ($8) and the portion size (it was quite large - almost the size of a large plate).",0,DbccYu3OppWKl21OanZnTg
N0apJkxIem2E8irTBRKnHw,0,2015-01-18 15:30:50,0,wOv7JiO0EGcJ61P2JcDS1g,2.0,"Went here last weekend and was pretty disappointed. They did not have one thing that was pictured and recommended on yelp as being good. We started off with the steak grilled skewers which were just Ok, nothing special. My freind got the lasagna and I got some special chicken dish. They were both pretty bland and lacking that kick. Our waitress was really nice and got the manger to switch out our dishes. My freind got the hamburger and I got the shrimp scampi. Her hamburger was better then the lasagna but was still lacking flavor. My scampi was better then the chicken but was also still under seasoned and the noodles were a bit under cooked. With such a big name attached to this restaurant and going on such an empty stomach we had such high hopes. The service was great which is why i gave it three stars.",0,en0xQXlvRk-ZtKlaW4I8eQ
sMzNLdhJZGzYirIWt-fMAg,0,2015-06-21 00:59:14,0,RLbWoIri29BcQ8yjzsvQLQ,5.0,"This place epitomizes the rumored transformation that is in the process of taking place in Pittsburgh. Great food, drinks, and service, but the atmosphere is second to none. Definitely a must visit for locals and visitors alike! You will not feel like you're in ""Pittsburgh"".",0,_o740mSNRhMNYuPjSJoPLg
IMLrj2klosTFvPRLv56cng,1,2014-10-11 03:50:27,1,JIC8qNMbcAPAzQMPrtsTJw,4.0,Dinner Was Fantastic! Service was great We started with the corn soup and the tuna tartare. We shared the Filet and Scallops. Both delicious entrees! We didn't realize the steak came with potatoes and ordered two sides Mac and cheese and shishito peppers. I thought the peppers were really hot but I'm a whimp I guess! We will definitely come back,1,fxrQSMhHlBv6eJVRdchG9Q
5OZlLXjU0FXUbrw8Scja6g,0,2018-02-01 19:01:16,0,vBRxlgkpDTXjWiYBp1V6GA,1.0,They keep there appointments on time and are pretty efficient. However I am very disappointed in how they think that just because I am a girl that I do not know what is going on with my car's tires. The guy that helped me out told me that my two front tires tread was extremely low and that I would be needing two new tires in a month or two. He told me that he could show me the same tires I have on there now and how much they would be. When the I had taken my car to the other Discount Tire they told me it that my tread was actually still really good for how many miles I have on my car. When he told me the price of the two tires it was around $280. Which I had just bought two new ones a couple months before that and they were the same price. So when I bought the two new tires my tire pressure light came on not that long after that. I honestly feel like the tires were not even new and did not look worth $280.,0,wNyiw6GfVfn5Kphqmux1gw
m7ommfJFalI47UksyX04Iw,1,2014-09-25 08:15:44,2,eed44nI0eZ4BGKtKXsRJhQ,1.0,"Met a friend for dinner there tonight. The server only brought us one menu. After she brought us a couple of Cokes she didn't come to our table for 20 mins. After trying to get her attention a few times when she walked by we decided to just order off the bartender. We received the starters and the mains at the same time. The wings, brisket, and mac and cheese were alright at best. At this point we hadn't seen the server since she brought the food, so we had to go to the bar for more napkins and refills on the Cokes. The most we actually saw our server was when she hovered over us as we put the tip into the handheld credit card terminal. 

Food was somewhere between okay and decent. Service was somewhere between piss poor and terrible.",6,tAcB1ZohRtjozsymvqqHzQ
m7ommfJFalI47UksyX04Iw,0,2014-10-27 04:22:34,0,UoFxqWXBluvS4Q32spb8Lg,4.0,"Another solid BBQ place in Calgary. This is definitely a great place to go if you are craving something smokey and delicious. 

I actually noticed this place because I wandered by when I was walking downtown and it's impossible to miss that lovely smokey/BBQ smell if you're on the block. However, it looks kind of like a hole in the wall. The entrance doesn't look like it's been updated in years, and that's ok because it just adds character. The entire decor is wood/country (to include buffalo head on the wall) and there is also a downstairs where there is live music on the weekends.

Ok onto the food. I have been here a couple of times now, so I think I can comment on the menu pretty well. My friends and I have ordered the brisket, the catfish, the veggie burger, the mac n cheese, the cesar salad, the chili, and the garlic fries. If I had to review this place based on the delicious and garliciness of their fries, this would be a 5-star review hands down. I mean, seriously, vampires beware, but everyone else should enjoy a-plenty.

The portion sizes are huge, so go hungry or be prepared for a to-go box (granted every time I've gone I have loved the food so much that I ate the entire meal.) 

I bet at this point in time you are wondering why I am only giving this place 4 stars then? Well, not everything is as amazing as those garlic fries. The bourbon apples are fairly tasteless, the chili is ok (the meat was very tough), and the service is also just ok. However, the catfish is delightful, the mac and cheese is also delicious, and the brisket is quality. 

The specialty cocktails are also pretty good, and the beer prices are pretty decent. This is a great place to go for a long lunch, after dinner drink, or even a weekend brunch. There are vegetarian options on the menu (if you can ignore the buffalo head on the wall) and I believe even a few gluten-free options as well. It's a fairly good place to go with a large group, just make sure to call ahead. 

All in all, like I said earlier, a great place for good times and smokey flavor.",0,5rWm6uBPeewOiml4pcqp3w
RbrZJEf8TlnP7RHaKnCtIQ,1,2013-11-14 04:55:17,0,8swMTt9IXycp15r3WlCEmg,3.0,"One day after I satisfy my frozen yogurt craving at Kiwispoon... I get invited out to eat frozen yogurt at Piccadilly.  A rare opportunity to truly compare the two yogurt places.

Here, I tried three flavors - chocolate, pumpkin, and caramel sea salt.  Added toppings of brownie bits, chocolate caramel turtles, and mochi.

Overall, I liked the yogurt better at Kiwispoon. The frozen yogurt seems less rich in Piccadilly's and the flavors are not as strong.  The price per ounce is also marginally higher at Piccadilly's.

There are definitely pluses to Piccadilly's yogurt though.  I liked the toppings better - I thought the mochi tasted better, the brownie pieces were bigger, and the chocolate caramel turtles went great on ice cream.  The chocolate caramel turtles should be a standard topping for both frozen yogurt and ice cream places.  Also, with the huge map of Cleveland Heights behind the cash register, this feels more like an authentic ""neighborhood"" froyo joint.",2,ITSnuLOu81doC5GGT5NMSQ
wJj1EwYcXHdvA9zKqmb5hQ,0,2018-10-04 11:20:42,0,NqYSX93Amv4sd5pPPr3Gag,5.0,I called the number provided and same day they showed up to my residence for an inspection. Was able to advise me of multiple broken and loose tiles on my roof and came out just a few days later and completed the repairs. Quoted me a good price for the repairs as well. No complaints!,0,zFYFuufYWQSPj0r5lrKQKg
jScBTQtdAt-8RshaiBEHgw,1,2018-05-28 20:56:05,0,j3vP8537KHvoXNHQIr3haA,5.0,"Party of 3 ordered the fish tacos, pork belly banh mi, corn beef hash Benedict, and bam ham. Everything was delicious, esp the pork belly banh mi. It's tender and juicy and the baguette was nicely toasted. Love the crispy fish taco too. Their compliment chips and salsa were fresh and super good and crispy. Service was excellent. Our waitress did a great job checking up on us and serving us. I really want other food options too but I'm too full. Next time i visit i will definitely come back.",1,Z_HE_KKT7N-WddPTzUQC7A
ujHiaprwCQ5ewziu0Vi9rw,0,2013-12-07 00:14:06,0,f0B9-r14-bLudyu5S7aLhw,1.0,We had dinner at the Bellagio Buffet last night. The service was OK. Our server was great but kind of forgot about us towards the end of our visit. The food was cold. The only good thing there was the crab legs because they're suppose to be cold and the tacos because it was freshly made. The food was under a single lamp that didn't heat the food at all. We let the server know that the food was cold and he told the manager that was in charge. All she did was come over to ask what the problem was and said she was going to talk to the chief. Have no idea what actually happened though because we didn't see her after that. Half the buffet was closed as well so there wasn't that many options. I must say i rather go to the Rio buffet. For a high end casino this was a horrible experience.,1,SvMGr_Oih7ivtzmnCL-Tmg
6sATfFam9_q9uod0I2aCsg,0,2014-02-05 18:07:17,0,9cW1B-T6M3ER3_rH_36h9Q,5.0,"I really enjoyed my visit here.
Everything was visually appealing to me.
Ambiance was great. Food tasted amazing. Service was . No complaints at all",1,D-vYE3HILl7Qk1UhYqZXYQ
EIL41z-hvVCeYHqfA9PyWQ,1,2017-09-20 15:23:35,0,vzMkIQm34QWBCYaHdV-2mQ,5.0,Flat out fantastic!  Have been here twice and the croissants are the bomb. Can't wait until I can try other items. THE new breakfast spot in Ahwahtukee. The service is great as well. Family run business. Come and support them.,1,jAVtSgE5L-Dt6_I5FIiVGA
jzveTy7ogH7cg9axZ78ENg,0,2015-04-01 13:31:35,0,0NRNA8qIq9nKw5FcwyOxcQ,4.0,Very nice eating environment and the food are quite nice. Very native Japanese style.,0,54kpqrxF9DEPpwa51hO_Bw
OVTZNSkSfbl3gVB9XQIJfw,0,2010-01-08 04:28:23,0,u1jQX0KfnG3AHty4ifEpFA,4.0,"notes: 1 visit, breakfast/lunch
overall: Excellent high-end buffet, but the dessert section needs a little work.

highlights: 
- Dip the foccacia pizza in some chimichurri sauce, and it's the best pizza you'll have ever had.
- Prime rib is excellent
- I hate crab legs in general, but everyone else says they were great here, really fresh.
- Cookies!  You must try their cookies.  I got so lucky and grabbed some white chocolate macadamia cookies when they were still warm.  Crispy on the sides and chewy and mouth-wateringly good.  I mean, I was stuffed beyond belief, but I couldn't stop eating it!
- If you get in during breakfast time, do try the Portuguese sausage.  It's the only breakfast food really worth it.

Avoid:
- Gelato bar looks good, but the texture was more like the soft serve at Dairy Queen. (which I HATE) So disappointed.
- Shrimp pad thai was served ice cold.  So gross.",0,8vIK6ndl8yzIdmSDnGp0tw
9MbGG8PxrlpBWVm3QyWy_g,0,2016-09-18 15:19:33,0,xQksr0gAyssKdnP2olE0Ow,1.0,I am years out from surgery with sacs and I wish I could turn back time.  He promises great things them butchers your body. I should have left my body alone. It was not bAd. I was out to perfect it.  We often talk about how he ruined a good body.  I will never forget his dirty nasty slippers coming into the operating room. I should have run from the room then.,3,vVhE4lGdsGK5rQgBfOGFxA
FBSWwaE6gR7KAOyG1QhakQ,0,2015-01-03 21:11:31,0,-QxhbVQrcnVWGiua9r44JA,5.0,"Such a unique place & a great find. Our waitress was funny, knowledgable, and did a fantastic job. The food was amazing. We will definitely return and recommend this restaurant to other couples!",0,jsOz-dWToun2VsFcFAfGww
X5uxdU9GHoUAqo2wmbg3OQ,1,2015-11-06 00:02:50,0,bvEdkl-weZGMLLRF9e0-ew,5.0,"Best Wonton soup ever!!! Delicious food and great service. We had Chicken Satay, Roti C., Wonton soup, and one of the fried noodle and shrimp dishes. Definitely will be back!",0,0nTJWagRU8_-KS1x7Zw5Yw
rBo_suDMdGmFQ0TtYg3b2Q,0,2014-07-13 16:17:18,0,Saae_VVf_v0fyNmB6Dc4kw,1.0,"I've never experienced discrimination as I did last night at this place. I was with 2 other females...we had on dresses and heels. The place was very diverse as far as how everyone was dressed. Dresses, heels, jeans, flip flops, shorts, etc. Immediately we noticed large groups of people of a particular race coming from the back of the line and going inside. We thought nothing of it...assumed they were all on lists. Then it just got weird. We noticed the guy working the door was walking back and fourth scanning the line for people he would pull out and let go inside. Every time it just happened to be groups with Caucasian people. 4 Caucasian girls were in front of us and behind a group of 4 black males. The girls were pulled out of the line and taken to the door to go inside, no talk of any lists. The guys were told they must be on a list or leave. The guys left. We watched this happen quite a few more times before we just gave up here and removed ourselves from the line. We were standing in the front for a really long time with no acknowledgement from the guy working the door. Funny thing is he didn't make a big announcement that we must be on a list to get inside. He was walking up to particular groups and telling them in a low tone so they would leave. I know it wasn't because of how we were dressed or looked....they were letting people in with jeans and flip flops. Ultimately we were let in by a bouncer at a side door. There was nothing so special going on in there that they had to be ""picky"" about who they let inside. It was like a night at Suite.  Safe to say, I will never step foot in this place again.",4,PttoI2Meg76KVB8JxjC5Xw
eoyvbnRYQe-z85e8Rc6vAg,0,2013-08-15 15:00:14,0,7Jy730ib54YKYgZRvcBNJg,4.0,"We had dinner here and the food was excellent and the service couldn't have been better!
Thanks Jose! 
We will be back for sure.",1,ROsjOYL8Jwv-q78mNm69Hg
5FIOXmUE3qMviX9GafGH-Q,0,2017-10-02 02:28:34,0,SWiEJZUJM6rUDJFwbWB6OA,5.0,Absolutely love this place! I've been here many times and it never fails to impress me  the bff burger is unreal and the tsoynamis and cupcakes are amazing!! Everything is pretty much the best,0,SAM29wXWmT0-aRMXt0RQzQ
hcFSc0OHgZJybnjQBrL_8Q,1,2013-05-07 03:29:21,0,vAckaF8n0KKJeqHOnb1ayw,4.0,"Here's why I don't write reviews for Chinese restaurants: I have to look up their English names... 

It's so popular that I didn't try it until recently. The bubble tea here is really good. It's pricier than the one in Rose tea, but you also get more. 
I like that noodles with pork sauce. I've tried both the thin and wide/thick noodles. The wide one is less chewy and are kind of sticky. I prefer the thin one for this dish.
Dan dan noodles are different from what I was expecting. My friend liked it but it's just okay for me.
The noodle with wonton is flavorless to me. 
The soup dumplings are good but not amazing. If you've never had it before, give it a try and you probably will like it.
I'd like to try noodles with beef soup next time.

The appetizers are too pricy in my opinion. I won't pay $6 for a small plate of vegetables again...

The owner is a nice guy and I enjoyed chatting with him a little bit during dinners.",1,JjDR060LJQcNNVWKuU64fA
OVTZNSkSfbl3gVB9XQIJfw,0,2014-09-09 19:15:26,0,VqZMgUf4wQMTeCWg2M_e8Q,3.0,"We went here Saturday for dinner. We had a 2-1 coupon. Price was $37 for two people so a good deal. 

Very large space, open layout.  Been here a few times years ago. I ate mostly the crab legs. Prime rib. 

They provide a self serve drink area, which I think is good.  You don't have to flag down a staff to get a drink when you want one. We've all been in that situation. 

Unlimited alcohol, wines and beer. They have a bar area with one bartender working and a bunch of tv's to watch or get updates on games. 

I wouldn't go out of my way, but if I was in Mirage and hungry, I'd eat there if we had another 2-1 coupon. I wouldn't spend full retail price eating there. Other buffets on the strip are better for same price points.",0,POr1NTWV45OaNCOLfb47fw
WsdmzI2giWHcRN2plprxIg,4,2013-05-28 21:06:57,14,UIvFkXLBxWxM6aekvaCp8Q,2.0,"Took my kids here to hang out on one fine 72 degree sunny Saturday in February. Going over the bridge, coming from Aliante Casino, you cant miss the nice view of the waterfall that is at the forefront of the park.

Too bad this and the playground were the only nice things I can vouch for. 

The playground is a nice fenced in little area that has a decent amount of playground equipment, swings, slides, tables, and benches. I like the soft material they use that the playground equipment is built on. There is also a sand lot area that has dinosaur bones as props. The day we went, the playground was packed. Kids were running into each other as they went down the slides. There were kids actually waiting to get on the swings! 

After a while we decided to walk around to check out the rest of the park. We see ducks everywhere especially in the pond that has the nice waterfall going into it. Unfortunately, this is where the ""nice stuff"" ends. Everywhere on the paths we were walking on were green duck crap. Which brings the question, ""Is there some kind of spray or force field they have on the playground?"" Because there were no ducks or green duck crap anywhere in the playground. Im also curious as to how many people would actually spread out a blanket and have a picnic on the grass for the crap was all over that as well. Just doing this review im starting to get grossed out thinking about that day.

After carefully trying not to step on any crap going to the car, I made a mental note to make sure to mention all the green crap I saw in this review and to not hesitate in mentioning it to everybody I know that is either making plans on coming here or are just thinking about it. The only thing positive I can think of about that is to come here if you are on a diet. After seeing all the green crap, you probably wont be having much of an appetite and you definitely will get some exercise trying to avoid stepping on the stuff. 

So, yeah, im not worried about coming back to this place any time soon in this lifetime. (You think?). Lol. Maybe as a duck.",5,0FMte0z-repSVWSJ_BaQTg
MjeeiLhVq3-BBz-A997r0w,0,2014-01-17 02:08:15,1,4pfD5yB-S2PduTInghEcNg,5.0,"There is a reason I frequent Paul's Ace over the big names such as Home Depot or Lowes: the personalized assistance. Do the big name brands provide this? Yes, bit not at the same level Paul's Ace Hardware does in Tempe. If I need help, they are ready and willing to help me in every aspect of my project.

The store manager Bras personally went out if his way to assist me in gathering all the materials I needed for my current project. He knows his store, bounced around to show me all options, and seemed to have recommendations on each project. This guy must love what he does because he knows everything in the store (or he is a constant do-it-yourselfer).

I am always pleased with the help I receive and am thankful this place is in my neighborhood.",0,2H2mj0pJtzAqWL2zJ4m3Jw
dZVMp70AuSa4dQPvx3J4ow,1,2011-09-25 18:10:04,0,IRwIFWgjJiMSBBucewhHDg,3.0,"In need of a burger, this was the closest location from work that wasn't your typical fast food joint.

I always like to chose a signature burger so I opted for the Spicy Cajun Burger and combo'd it up with there Beer Battered Rings and a Jones Strawberry-Lime  Soda.

Its a small location with an even smaller patio ( maybe 8 bar stools on a cramped balcony) that looks onto Charles Street. But definitely sit outside if you can grab a seat. Luckily the patio was vacant that late afternoon.

Toppings - They Spicy Cajun Burger - Avocado, jalapeos, lettuce,
Jalapeo havarti, tomatoes, Cajun spice & Smokey chipotle & honey mayo. There was ample toppings on the burger, I enjoyed the avocado on my burger, overall not too spicy but good kick from the sliced jalapeos.

Meat - Grilled perfectly, tasted average, but I found it too small compared to the bun.

Bun - Very soft, tasted good, but didn't hold up against the burger and all the toppings and at the end I was left with lots of bun and no more burger.

Beer Battered Onion Rings - Very thick batter on these rings, golden brown, crunchy, very filling.

Drink -Jones Strawberry-Lime Soda - Yummy not sour but good balance,

Overall prompt friendly service, quaint little patio, average burger but good for a quick fix in satisfying the burger craving.",2,PFNZVn73upq3oZDG2KnAqA
oSDyex506Y8H7YegcRb_9g,0,2016-06-22 21:45:13,0,h2lt2Lu8a9jUtYEbB2krhA,2.0,"Sadly this place has been sold.  The gas prices have sky rocketed, some of the long term staff is gone, lottery is gone, they have run out of popular cigarettes, I tried to get gas a few days ago and the vendors / delivery trucks that used to park on the side street or off to the side were parked at the pumps...I am going to give it a little time and see if it gets better.  I have been going to this store for 15+ years, but if it doesn't shape up, I will find another....",1,0T2qMGDRJJSrhxpy4h3wNg
FBSWwaE6gR7KAOyG1QhakQ,0,2016-03-07 00:20:06,0,HYBzY7zN_YBHtQu6qkD3Ng,5.0,"Easily entering my top 3 restaurants in Charlotte after just one visit!

Pork Belly, unreal! Had an AMAZING prime NY Strip with bourbon butter jam, PHENOMENAL!",0,OnYEKooAtI2zTRqBLLIfvA
SU56w479vUfFHsvmvQIf7A,6,2016-07-25 03:55:20,5,E4LqIZ7DJd_R4ZHSNKx4RQ,4.0,"So good! They didn't make it to 5 stars due to the prices are a bit high for the amount of food and the location is a bit unsavory. 
The decor and atmosphere was surprisingly nice, from the outside I expected to be more run down inside. The staff was very nice. We were surprised how empty the dining room was for a Friday evening.
We got Vegetable Samosas to start then ordered Chicken Tikka Masala, Lamb Rogan Josh, rice and plain Naan. Our only complaint was the lamb could've been more tender but everything was flavorful and delicious. 
I would definitely go again if given the chance.",7,DoRCeCcJbrsM2BiAKj3trA
dInxwF8kXVdfLEGTIBRrSw,0,2017-04-30 04:13:18,1,CvJy7CdHJqsZNq22fUF7hA,2.0,Employees were to busy chatting with each other. One employee had his head out the  drive thru window talking to people the entire time I was there. The cook come from outside and made my food. Did he was hands before making my food???,0,DAssyKNnYBenf0s1uP5iRw
ZCsvwa_dsqNB8d8tYHPdjw,0,2012-04-28 13:35:52,0,ASZha3MiQJghtt3n5OGIsA,4.0,"This random hole in the wall is located in the Park Rd. shopping center.  I had never heard of it until that fateful St. Patricks day when another beer was in order.  After making my way there and enjoying the patio, I decided the food was my next venture.

After my second, alcohol only, visit, I was excited to taste what vegetarian options they had.  I had the grilled cheese with spicy asparagus and portobello.  Let me tell you...grilled cheese is amazing, add a few interesting touches, it becomes addicting.  I was very happy with my sandwich.  Also, they have a very tasty appetizer of Goat Cheese Fritters with a red wine sauce.  Goat Cheese is one of my favorites and frying anything makes it better. I was in love.  
Ther service is great and they can accomadate large groups, the few times I've been has been with 7-20 people.  Great staff, awesome menu choices, I'll be going back",0,Fyn9aNWs0Qcz6T-uIJal4w
PZMpjUQ9_JVCf4Htu6vZYg,0,2017-01-27 19:15:36,0,if6UbmA8Z254rlIiKvYiAg,1.0,((( LADIES BEWARE))) Don't ever take your machine to 35th Ave. sew and vac on Northern they broke my Elna machine while it was being repaired. I've spent over $10.000 at their store over the years and have been a long time customer .. Bill the owners son was so rude to me and did nothing to resolve my broken machine. I was disgusted when Bill the owners daughter wouldn't do Any thing to help me when the repair man broke my machine. It's terrible to bring a nice sewing machine in to be repaired and these people broke it while in their possession and they don't want to do a damm thing about it. It was like a big (screw you) to me. I won't buy another thing from these people for the way I was treated. Even the material is too over priced. I'm in the market for another machine but I won't go there ever again. My machine STILL NEEDS TO BE TAKEN CARE OF AND THEY STILL HAVE NOT RESOLVED THIS ISSUE. ITS STILL BROKEN AND IT HAPPENED WHILE REPAIRMAN WAS SERVICING MY MACHINE. I WISH I HAD NEVER TAKEN MY MACHINE TO 35TH AVE SEW AND VAC SHOP. WHY CANT PEOPLE OWN UP TO TAKE OWNERSHIP TO THEIR RESPONSIBILITY FOR THEIR OWN MISTAKES!!!! GO TO KINGS SEWING MACHINES MUCH BETTER SERVICE AND THEY DONT BREAK YOUR MACHINE!!!!!,1,3owWXgw7_Czt5o35dVYOkg
FYkm4c2CujTSPpqSM4TbuQ,0,2015-05-12 15:46:57,0,17KSQjHdowZMngVptW_KdA,5.0,"Great tanning salon near me, and clean, equipped with the latest tech and easy checkin and out spot for a short yet amazing relaxation and sunbathing time in chilli Cleveland. I am going to be obsessed with this place in winters and will recharge myself with vitamin D!",0,wvBp1Ar-izuKnI9uBHWufQ
aNe8ofTYrealxqv7VtFTuw,0,2015-07-16 07:31:28,2,XAm4_-lUxzF_Y449cWMHLQ,1.0,"Th service here is very hit or miss... Sometimes the staff is personable and attentive. Other times I ask myself, ""Why do I come here???"" The staff often has the  ""GTFOH"" stamp placed permanently across their foreheads, and we as patrons just have to go with it, otherwise we are deemed ""that guy.""  I would say that my continuos visits were for the great HH, but there are several other options close to home, with the same food and drink options for me to choose from. I think today may be last visit...",0,ABUt9wCHRsSpa8i7rtNAuQ
CZKkoMlqu0N0zCFK-3T_Fg,0,2013-02-21 21:25:07,0,dcKpWjwqKl0ImVKEru6Q1A,4.0,Great cocktails and very good food.  Overall first class restaurant.,1,X-5IICsYwqImns4WxHi91Q
ZNB91myFoOYgyXoG5LQeGQ,0,2014-12-17 19:34:47,0,36xxeOr4m4UlRf9FM1HzdA,1.0,"I took my wife out for a Birthday dinner with my daughter on 12-16-14  at Alfonsos.  I heard the food was good and it was and my waitress ( Dawn ) was also good ( even with it being very busy ). The problem I have is some of the waitress staff are rude. I had a gift card/ certificate to pay for dinner. After a few minutes, a big blond waitress came over and said  ( in a loud and rude tone ) I couldn't use it cause I needed to spend $100.00 in order to get $50.00 off. She then insulted me by saying (so the tables around me could hear ) couldn't I read the fine print telling me of requirements to use gift card. I showed her the certificate and the fine print was not legible She told me, sorry that's not our fault it's yours and she walked away. I am having second thoughts about going back to use gift card. I may give it away or toss it out.",1,liUNZm0tOJJ-d-pFCdqu9A
KjicU7uxRt2KDEnO5cgxDQ,0,2017-06-27 23:17:40,0,4aX4qoetCm45i4Phut_sww,1.0,"This company tried deliver flowers to our home- my son was home by himself and called me.  I had him keep me on the phone while he opened the front door (our security screen door was  locked though).  He told the gal that he was not going to open the door, that his mom (me) was on the phone and he asked the driver to call me, his mom.  The driver was very insistent about getting a signature and became argumentative.  My son kept saying, call my mom, she's on the phone now.  And she kept interrupting and insistent on a signature.  I told my son to close the door.  I then called the company and spoke with a Manager, Sara.  She understood my concern and said she would make sure the driver was trained on these situations.  Three days pass and I still don't have my flowers or a phone call.  I called and spoke with Sara and she had a completely different tone with me than previously.  She was very curt and tried to give me lots of excuses. I asked that the Owners call me.  Five days later, I've never received a call back from the Owner or my flowers.  I called to find out when one of the Owners would call back, and Linda told me it would be by Friday, which meant six days later than my initial request.  I told Linda that was pretty unreasonable and she told me that the Owners are busy and have several other businesses.  In my opinion, that's completely unacceptable- do yourself a favor and do not order from this Company.  They are very unprofessional and not very concerned about customer service.",0,gt9w3MAaBemQsUCS_xapMw
anzCdD5eIEHwydTpXhLlUA,1,2015-01-03 20:45:05,0,4PKiLkFTff9HK44QkOo6vA,4.0,"Heard about this place and was dying to check it put-and I'm very glad I did! Decent beer selection and kind of a hipster vibe, but $8 for a loaded hot dog and tater tots has got to be one of the best deals in town. Tons of unique toppings to pick from and delicious dipping sauces for tots (secret fry sauce was my fav). We were there early and had no problem getting a seat at the bar, but I can see how during prime time or when live music is on how it could be kind of tight. If you're going for the food is get there earlyu because that loaded dog would have been super hard to eat while standing.",0,vDlrf84X8yu-CZ-8isrOSw
z9aXGRH8xtqpNDFE5_I3KA,0,2015-06-21 00:56:28,0,QSe9EqmiImbguDVIraX_rg,4.0,received a  mailer and thought okay let's go. walked in on a Monday afternoon greeted by a bartender wearing a cute  t shirt that said the bar and below that the baby. how cute however never got her name. looked over menu asked what was good she said the club. so ordered it and  yes it is good. had a beer a club on white toast served with fries and watched sport center. really felt at ease there and good music playing. will go back again.,0,II8eB5mYk200GW-m-wpsug
74C1z6cqEdvJVgETTcEodw,0,2014-12-17 17:46:03,0,x4FUjCh_QOOL4LEQQQM-6A,4.0,Met an old close friend for dinner at Portofino.  Great intimate dinning with class. Excellent pasta and meat dishes. Delightful service and great drinks. Will come back!,0,JggB3gMgP1j5aKHmC4vpBw
smIh1HppyfXphiGMJPnZDg,0,2018-04-27 18:32:25,0,ReFXQwEtx_qyjC-G8RPviQ,5.0,My company hosted a dinner and awards night at the hotel last night and the experience was the best we could have imagined! Working with Kristine Cole was fantastic and the communication was always on point. I walked in to be blown away by the set up and I had compliments on the food all night. I came into work today to be flooded with emails on how impressed everyone was with the presentation. The staff that was there to help us was GREAT! I believe Tim was in charge and he had Anna and one other gentleman with him and they made us laugh and gave us the privacy we needed. We will be back and I will be recommending them to everyone!,0,Hxs41092f4HDP-q9_Q-RhA
1HD5iUUfVJDbfEBIn9yVhw,11,2017-03-15 02:02:13,8,qdQIIf6xuyubxEG05e02TA,5.0,"Yes... the Boba Tea explosion is in full force. I have been to Lee Lee International Supermarket in Chandler many times, but I never noticed this little gem next to it until a couple years ago. Boba Tea House has serving up some of the best boba tea in the Valley long before it became a big thing. They have a fantastic array of flavors and drink choices to choose like fruit slushes, snow, milk tea, pudding, mango jelly, coffee jelly, etc. They even have snacks like popcorn chicken, fried tofu, and fries. The staff is super friendly and the prices are reasonable. I still laugh at my friends who have no idea what Boba Tea is or are too afraid to suck up one of those chewy ball things. LOL. In case you didn't know, Boba Tea is a flavored tea (usually with milk) to which chewy tapioca balls or fruit jellies are added. I think they are super delicious. Today I got the Blueberry Milk Boba Tea and it made for the perfect snack in the middle of my day. Another favorite of my mine is the honeydew milk tea.",11,XPZVfP7DQCSL3Nb9t2vxsA
CGUK3cd2gxp2q3KPY19Oog,0,2018-04-15 11:34:34,0,LrO2MkIWIjAoOeS5WImnrQ,5.0,"Yum!! Had the kale grits and would definitely have those again! Menu choices are unique, farm fresh and delicious!",0,hzny0aF2jcUaY8rXN2bfJQ
nDaW2hhQV5KYiGH7HzAOcg,1,2016-12-04 02:34:48,0,9X9G_UAQN5W3mmspIjsLXA,3.0,"I stumbled upon this ice cream store and seeing the high reviews on Yelp, went in with high expectations. First off, the prices are fairly high considering the size of the cones and cups they use. It's almost $4 for a small scoop, which is pretty overpriced in my opinion. Their flavours are a little more creative than most traditional ice cream stores and it is marginally creamier. The Noah I had was pretty neat with some different ingredients mixed into it as well. But, not worth that price and on some hot summer days, that lineup.

Also note that it is a tiny store that fits no more than a dozen people, so don't expect to sit inside enjoying your ice cream there.",1,hTZb1INhnCG8URaFywVoYQ
6xgcHeLad-VaoTIQewK84A,1,2006-04-14 04:37:51,0,VeJppsRLTWRKh4PkmcOzag,4.0,"ooooooh yummy.  i'm a red meat eating midwestern girl, and 9 had the best steak i can remember having in....who knows how long, it was DAMN GOOD.  the mac and cheese is a tasty, tasty side.  try the snicker dessert...it's basically two cookie/ice cream sanwiches with bits of snickers.  the s'mores my sister got were super fun too.  only complaint is that it was really loud and waaaaaaay too many annoying veil-toting bachelorette parties for my taste.  but hey, it is the palms.",0,eJEcCIzJ5bqc0QpRGHSVCw
vhIJ91MDgUuk4Cr9Kpj1Nw,0,2015-07-16 05:40:33,0,p9U8-Bj9tFBqHa-wgaDKJg,1.0,"Dreadful Service

I've had Jimmy John's before several years ago in Minneapolis.. But apparently here in Phoenix, the store personnel must be trained differently. I had to take my sandwich back up to the counter twice to get the thick headed folks working at the one on Camelback at about 16th to get my sandwich the way I wanted it.

I asked for a #10 Hunter's Club with all the veggies. What I got was the standard #10 Hunters Club with lettuce and tomatoes. 

After seeing that, I took it back up to the counter, and explained that I wanted all the veggies. They explained to me that those were all the veggies the sandwich came with. I carefully explained that I wanted all of the veggies that they have. The guy said, oh, you want the Freebies. I would have thought he would have clarified when I ordered whether I just wanted everything that came on the sandwich, or the Freebies as well. I said yes, I wanted all of the Freebie Veggies. 

I took my revised sandwich and sat down to eat it, only to find that along with the veggies I had requested, they had piled on Italian vinaigrette and Dijon mustard, which I did NOT want.",2,1BcNXW9_Y16TIofPVpFqIA
8KmqWgL0UEdxJFwTZ_YZvQ,0,2012-12-04 03:30:31,0,dS5ERxmIP-CQ_ZV_q_xc0A,5.0,"These burgers are phenomenal! The Galley Boy just melts in your mouth, and paired with the potato teasers and a milkshake it is like heaven on Earth.",0,SYRRQJoa5gQ8Duev4uSWag
E9HN0nA8eRsIBZYkL0H3xA,0,2012-11-06 02:46:40,0,XsBgj268rbYJ5ljKj02JxA,4.0,"I got stuck in Myrtle Beach last week and stayed here waiting for another flight.  Very clean, comfortable and right near the airport.  I would definitely stay again.",0,THirRdo5CwitTPyqV28NyQ
5qG4UHurI1yEozwn25WAFw,3,2017-12-02 18:35:23,1,m2H0m3pDUNmkXZP4K8c_oA,2.0,"#1 it should be advertised as a vegetarian dinner. For the price we paid, I really would have liked a nice cut of meat. 
#2. Way over priced. Dinner for 2 with (2) blue moon beers and (1) $10 glass of wine... $165+tip. We tipped over 25% because our server was great and the experience of eating in the Dark was a pretty interesting experience. 
#3. The food was Meh... I would have been okay with everything else if the food was outstanding. It really wasn't... I probably ate 3 bites of my dinner entree just to taste what the different Ingredients were... It was far from savory and could have used even a pasta or something. A couple of dry (what tasted like hush puppies)?? I would have been impressed a little if when I told the server that I didn't enjoy it if he would have offered to try one of the others, but I didn't make a big deal because like I said before he was really nice. The dessert was literally the only saving grace. 
All in all I gave a 2 star... (server and experience in the dark)... I just have to be honest incase others go in expecting a non-vegetarian meal... Be ready for a $200 vegetarian dinner!!!!
*** also if they don't like your review on their Facebook page they will block you from commenting on other people talking crap about you, they can not handle the truth and allow others to put you down ***",5,fVK8D0rE9ez1fsQNW_bzRA
yNPh5SO-7wr8HPpVCDPbXQ,0,2017-04-30 05:32:05,0,JYdhCDyR6lYfN2qnSspLlQ,5.0,"First off food is DELICIOUS! By far my favorite restaurant in downtown Phoenix. I have tried so many different things from the menu and it never disappoints, but the Saturday night special Prime Rib and Horseradish Dauphinoise Potato is my favorite. Second, the service is amazing. Ian is my favorite waiter, will request him every time! He is so personable with a good sense of humor! He constantly is checking up to make sure everything is good (but not too much). He made the experience at the Arrogant Butcher memorable!",0,6kEFHccntnYMF_7cdqCcKg
